Week	Player	Team	Position	PredictedPoints	PassYds	PassTD	PassINT	RushYd	RushTD	RecYd	RecTD	RecRec	ImagePath
1	Carson Palmer	Arizona Cardinals	QB	18.215629299283	262.405426025391	1.71913135051727	0.854043543338776	9.58486652374268	0.12307395786047	0	0	0	https://cosmos08.osdinfra.net/cosmos/AWE.Prod/shares/relevance/ADX/Predictions/NFL/Palmer_Carson.jpg
1	David Johnson	Arizona Cardinals	RB	17.7041684865951	0	0	0	57.1188468933105	0.425606817007065	43.5213813781738	0.155079334974289	4.15602874755859	https://cosmos08.osdinfra.net/cosmos/AWE.Prod/shares/relevance/ADX/Predictions/NFL/Johnson_David.jpg
1	Chris Johnson	Arizona Cardinals	RB	8.5780359119177	0	0	0	64.9775772094727	0.44966858625412	18.9397449493408	0.0366791263222694	2.168217420578	https://cosmos08.osdinfra.net/cosmos/AWE.Prod/shares/relevance/ADX/Predictions/NFL/Johnson_Chris.jpg
1	Darren Fells	Arizona Cardinals	TE	7.75628854632377	0	0	0	0	0	32.4446449279785	0.193353250622749	2.65170454978943	https://cosmos08.osdinfra.net/cosmos/AWE.Prod/shares/relevance/ADX/Predictions/NFL/Fells_Darren.jpg
1	Jermaine Gresham	Arizona Cardinals	TE	6.11827791333199	0	0	0	0	0	28.23313331604	0.183528110384941	2.19379591941834	https://cosmos08.osdinfra.net/cosmos/AWE.Prod/shares/relevance/ADX/Predictions/NFL/Gresham_Jermaine.jpg
1	Larry Fitzgerald	Arizona Cardinals	WR	11.3532245874405	0	0	0	0	0	70.2810134887695	0.458602607250214	5.27350759506226	https://cosmos08.osdinfra.net/cosmos/AWE.Prod/shares/relevance/ADX/Predictions/NFL/Fitzgerald_Larry.jpg
1	John Brown	Arizona Cardinals	WR	10.1800637364388	0	0	0	0	0	46.7110748291016	0.324229568243027	3.56357884407043	https://cosmos08.osdinfra.net/cosmos/AWE.Prod/shares/relevance/ADX/Predictions/NFL/Brown_John.jpg
1	Matt Ryan	Atlanta Falcons	QB	16.9474502557516	242.948013305664	1.56304800510406	0.835384666919708	10.9577465057373	0.119491286575794	0	0	0	https://cosmos08.osdinfra.net/cosmos/AWE.Prod/shares/relevance/ADX/Predictions/NFL/Ryan_Matt.jpg
1	Devonta Freeman	Atlanta Falcons	RB	15.1019894778728	0	0	0	60.7079925537109	0.341753363609314	26.4515552520752	0.110596731305122	3.67193412780762	https://cosmos08.osdinfra.net/cosmos/AWE.Prod/shares/relevance/ADX/Predictions/NFL/Freeman_Devonta.jpg
1	Tevin Coleman	Atlanta Falcons	RB	9.46333566308021	0	0	0	38.6374816894531	0.268983125686646	16.4758148193359	0.0434669107198715	2.07730579376221	https://cosmos08.osdinfra.net/cosmos/AWE.Prod/shares/relevance/ADX/Predictions/NFL/Coleman_Tevin.jpg
1	Jacob Tamme	Atlanta Falcons	TE	9.86185439825058	0	0	0	0	0	42.3319091796875	0.288616925477982	3.89696192741394	https://cosmos08.osdinfra.net/cosmos/AWE.Prod/shares/relevance/ADX/Predictions/NFL/Tamme_Jacob.jpg
1	D.J. Tialavea	Atlanta Falcons	TE	6.20446238517762	0	0	0	0	0	26.2443504333496	0.189842939376831	2.44096970558167	https://cosmos08.osdinfra.net/cosmos/AWE.Prod/shares/relevance/ADX/Predictions/NFL/Tialavea_D.J..jpg
1	Julio Jones	Atlanta Falcons	WR	15.1989362835884	0	0	0	0	0	71.4777755737305	0.39840766787529	5.66071271896362	https://cosmos08.osdinfra.net/cosmos/AWE.Prod/shares/relevance/ADX/Predictions/NFL/Jones_Julio.jpg
1	Mohamed Sanu	Atlanta Falcons	WR	6.20446238517762	0	0	0	0	0	26.2443504333496	0.189842939376831	2.44096970558167	https://cosmos08.osdinfra.net/cosmos/AWE.Prod/shares/relevance/ADX/Predictions/NFL/Sanu_Mohamed.jpg
1	Joe Flacco	Baltimore Ravens	QB	18.044090898633	259.915954589844	1.68793725967407	0.808835625648499	10.3048305511475	0.112342707812786	0	0	0	https://cosmos08.osdinfra.net/cosmos/AWE.Prod/shares/relevance/ADX/Predictions/NFL/Flacco_Joe.jpg
1	Justin Forsett	Baltimore Ravens	RB	11.2294395118952	0	0	0	52.6085090637207	0.285157710313797	19.5857753753662	0.0502472445368767	2.89758133888245	https://cosmos08.osdinfra.net/cosmos/AWE.Prod/shares/relevance/ADX/Predictions/NFL/Forsett_Justin.jpg
1	Maxx Williams	Baltimore Ravens	TE	8.11511175036431	0	0	0	0	0	36.3124198913574	0.195178583264351	3.31279826164246	https://cosmos08.osdinfra.net/cosmos/AWE.Prod/shares/relevance/ADX/Predictions/NFL/Williams_Maxx.jpg
1	Crockett Gillmore	Baltimore Ravens	TE	7.69010980725288	0	0	0	0	0	41.4039840698242	0.23676685988903	3.22911024093628	https://cosmos08.osdinfra.net/cosmos/AWE.Prod/shares/relevance/ADX/Predictions/NFL/Gillmore_Crockett.jpg
1	Mike Wallace	Baltimore Ravens	WR	6.0775946676731	0	0	0	0	0	25.8104038238525	0.175046190619469	2.44627714157104	https://cosmos08.osdinfra.net/cosmos/AWE.Prod/shares/relevance/ADX/Predictions/NFL/Wallace_Mike.jpg
1	Tyrod Taylor	Buffalo Bills	QB	20.1238597822189	227.906768798828	1.56184434890747	0.74491012096405	39.7313194274902	0.255331635475159	0	0	0	https://cosmos08.osdinfra.net/cosmos/AWE.Prod/shares/relevance/ADX/Predictions/NFL/Taylor_Tyrod.jpg
1	LeSean McCoy	Buffalo Bills	RB	13.6137211143971	0	0	0	56.7366943359375	0.310656398534775	26.0051116943359	0.0995587855577469	2.87824940681458	https://cosmos08.osdinfra.net/cosmos/AWE.Prod/shares/relevance/ADX/Predictions/NFL/McCoy_LeSean.jpg
1	Reggie Bush	Buffalo Bills	RB	9.30765549242497	0	0	0	30.4684581756592	0.17677615582943	21.2691497802734	0.102155186235905	2.4603066444397	https://cosmos08.osdinfra.net/cosmos/AWE.Prod/shares/relevance/ADX/Predictions/NFL/Bush_Reggie.jpg
1	Jerome Felton	Buffalo Bills	RB	7.04885026216508	0	0	0	15.9789781570435	0.163720041513443	18.7067852020264	0.0629448294639587	2.22028470039368	https://cosmos08.osdinfra.net/cosmos/AWE.Prod/shares/relevance/ADX/Predictions/NFL/Felton_Jerome.jpg
1	Charles Clay	Buffalo Bills	TE	8.59290013313294	0	0	0	0	0	40.0648078918457	0.238606095314026	3.15478277206421	https://cosmos08.osdinfra.net/cosmos/AWE.Prod/shares/relevance/ADX/Predictions/NFL/Clay_Charles.jpg
1	Jim Dray	Buffalo Bills	TE	7.49635036587715	0	0	0	0	0	34.540641784668	0.21305350959301	2.76396512985229	https://cosmos08.osdinfra.net/cosmos/AWE.Prod/shares/relevance/ADX/Predictions/NFL/Dray_Jim.jpg
1	Sammy Watkins	Buffalo Bills	WR	14.6519904613495	0	0	0	0	0	74.0756301879883	0.416969418525696	4.74261093139648	https://cosmos08.osdinfra.net/cosmos/AWE.Prod/shares/relevance/ADX/Predictions/NFL/Watkins_Sammy.jpg
1	Robert Woods	Buffalo Bills	WR	5.7890600085259	0	0	0	0	0	55.4063529968262	0.335908561944962	3.73297333717346	https://cosmos08.osdinfra.net/cosmos/AWE.Prod/shares/relevance/ADX/Predictions/NFL/Woods_Robert.jpg
1	Cam Newton	Carolina Panthers	QB	22.9790984749794	279.918518066406	1.80397152900696	0.832028687000275	35.2439117431641	0.312351524829865	0	0	0	https://cosmos08.osdinfra.net/cosmos/AWE.Prod/shares/relevance/ADX/Predictions/NFL/Newton_Cam.jpg
1	Jonathan Stewart	Carolina Panthers	RB	12.1412686020136	0	0	0	60.181079864502	0.450918465852737	20.8948535919189	0.0794698521494865	2.55134534835815	https://cosmos08.osdinfra.net/cosmos/AWE.Prod/shares/relevance/ADX/Predictions/NFL/Stewart_Jonathan.jpg
1	Cameron Artis-Payne	Carolina Panthers	RB	9.5488513290882	0	0	0	33.2705039978027	0.230082780122757	20.5106029510498	0.0729527622461319	2.35252737998962	https://cosmos08.osdinfra.net/cosmos/AWE.Prod/shares/relevance/ADX/Predictions/NFL/Artis-Payne_Cameron.jpg
1	Mike Tolbert	Carolina Panthers	RB	8.98517143130302	0	0	0	26.9958648681641	0.170859098434448	21.6932563781738	0.0700141936540604	2.67101955413818	https://cosmos08.osdinfra.net/cosmos/AWE.Prod/shares/relevance/ADX/Predictions/NFL/Tolbert_Mike.jpg
1	Greg Olsen	Carolina Panthers	TE	16.5550221085548	0	0	0	0	0	79.8306732177734	0.464869350194931	5.78273868560791	https://cosmos08.osdinfra.net/cosmos/AWE.Prod/shares/relevance/ADX/Predictions/NFL/Olsen_Greg.jpg
1	Ed Dickson	Carolina Panthers	TE	7.38961889147759	0	0	0	0	0	32.896354675293	0.218096569180489	2.79140400886536	https://cosmos08.osdinfra.net/cosmos/AWE.Prod/shares/relevance/ADX/Predictions/NFL/Dickson_Ed.jpg
1	Kelvin Benjamin	Carolina Panthers	WR	11.6337464690208	0	0	0	0	0	52.902759552002	0.332750469446182	4.34696769714355	https://cosmos08.osdinfra.net/cosmos/AWE.Prod/shares/relevance/ADX/Predictions/NFL/Benjamin_Kelvin.jpg
1	Ted Ginn	Carolina Panthers	WR	9.90555366277696	0	0	0	0	0	47.8082885742188	0.349164873361588	3.02973556518555	https://cosmos08.osdinfra.net/cosmos/AWE.Prod/shares/relevance/ADX/Predictions/NFL/Ginn_Ted.jpg
1	Jay Cutler	Chicago Bears	QB	16.0233570408821	230.14599609375	1.33442497253418	0.84425014257431	15.3295669555664	0.13185179233551	0	0	0	https://cosmos08.osdinfra.net/cosmos/AWE.Prod/shares/relevance/ADX/Predictions/NFL/Cutler_Jay.jpg
1	Jeremy Langford	Chicago Bears	RB	11.6922801613808	0	0	0	46.2415237426758	0.333946764469147	22.404275894165	0.0853622257709503	2.3118462562561	https://cosmos08.osdinfra.net/cosmos/AWE.Prod/shares/relevance/ADX/Predictions/NFL/Langford_Jeremy.jpg
1	Jacquizz Rodgers	Chicago Bears	RB	7.45902519375085	0	0	0	22.1840324401855	0.16188745200634	18.4421329498291	0.0331387631595135	2.22625136375427	https://cosmos08.osdinfra.net/cosmos/AWE.Prod/shares/relevance/ADX/Predictions/NFL/Rodgers_Jacquizz.jpg
1	Zach Miller	Chicago Bears	TE	10.656524682045	0	0	0	0	0	51.2529602050781	0.276224076747894	3.8738842010498	https://cosmos08.osdinfra.net/cosmos/AWE.Prod/shares/relevance/ADX/Predictions/NFL/Miller_Zach.jpg
1	Tony Moeaki	Chicago Bears	TE	7.30087630152702	0	0	0	0	0	34.6561164855957	0.177336886525154	2.77124333381653	https://cosmos08.osdinfra.net/cosmos/AWE.Prod/shares/relevance/ADX/Predictions/NFL/Moeaki_Tony.jpg
1	Alshon Jeffery	Chicago Bears	WR	14.0219204545021	0	0	0	0	0	58.6613349914551	0.312398761510849	4.3813943862915	https://cosmos08.osdinfra.net/cosmos/AWE.Prod/shares/relevance/ADX/Predictions/NFL/Jeffery_Alshon.jpg
1	Kevin White	Chicago Bears	WR	7.30087630152702	0	0	0	0	0	34.6561164855957	0.177336886525154	2.77124333381653	https://cosmos08.osdinfra.net/cosmos/AWE.Prod/shares/relevance/ADX/Predictions/NFL/White_Kevin.jpg
1	Andy Dalton	Cincinnati Bengals	QB	17.1734151661396	239.625091552734	1.50154590606689	0.794304490089417	16.0230960845947	0.129037126898766	0	0	0	https://cosmos08.osdinfra.net/cosmos/AWE.Prod/shares/relevance/ADX/Predictions/NFL/Dalton_Andy.jpg
1	Jeremy Hill	Cincinnati Bengals	RB	11.9647664576769	0	0	0	50.6701965332031	0.40372359752655	19.2504386901855	0.0503991767764091	2.24796628952026	https://cosmos08.osdinfra.net/cosmos/AWE.Prod/shares/relevance/ADX/Predictions/NFL/Hill_Jeremy.jpg
1	Giovani Bernard	Cincinnati Bengals	RB	11.0994346082211	0	0	0	33.2279243469238	0.170668810606003	30.1101589202881	0.129655882716179	2.96367812156677	https://cosmos08.osdinfra.net/cosmos/AWE.Prod/shares/relevance/ADX/Predictions/NFL/Bernard_Giovani.jpg
1	Tyler Kroft	Cincinnati Bengals	TE	7.15261750817298	0	0	0	0	0	32.9814758300781	0.193689331412315	2.69233393669128	https://cosmos08.osdinfra.net/cosmos/AWE.Prod/shares/relevance/ADX/Predictions/NFL/Kroft_Tyler.jpg
1	A.J. Green	Cincinnati Bengals	WR	14.6311470866203	0	0	0	0	0	71.6706085205078	0.432799845933914	4.86728715896606	https://cosmos08.osdinfra.net/cosmos/AWE.Prod/shares/relevance/ADX/Predictions/NFL/Green_A.J..jpg
1	Brandon LaFell	Cincinnati Bengals	WR	7.53918868899346	0	0	0	0	0	34.9787101745605	0.213982775807381	2.75742101669312	https://cosmos08.osdinfra.net/cosmos/AWE.Prod/shares/relevance/ADX/Predictions/NFL/LaFell_Brandon.jpg
1	Robert Griffin	Cleveland Browns	QB	17.2862767517567	209.613800048828	1.02752447128296	0.749391734600067	17.3209037780762	0.134821370244026	0	0	0	https://cosmos08.osdinfra.net/cosmos/AWE.Prod/shares/relevance/ADX/Predictions/NFL/Griffin_III_Robert.jpg
1	Duke Johnson	Cleveland Browns	RB	12.2553416520357	0	0	0	33.0311546325684	0.200358107686043	27.1374282836914	0.104269243776798	3.31071925163269	https://cosmos08.osdinfra.net/cosmos/AWE.Prod/shares/relevance/ADX/Predictions/NFL/Johnson_Duke.jpg
1	Isaiah Crowell	Cleveland Browns	RB	9.6333053007722	0	0	0	52.6949920654297	0.329675883054733	19.559663772583	0.0521239005029202	2.217041015625	https://cosmos08.osdinfra.net/cosmos/AWE.Prod/shares/relevance/ADX/Predictions/NFL/Crowell_Isaiah.jpg
1	Gary Barnidge	Cleveland Browns	TE	11.4527916669846	0	0	0	0	0	56.3133964538574	0.291778385639191	4.07078170776367	https://cosmos08.osdinfra.net/cosmos/AWE.Prod/shares/relevance/ADX/Predictions/NFL/Barnidge_Gary.jpg
1	Connor Hamlett	Cleveland Browns	TE	7.44500348567963	0	0	0	0	0	35.2674446105957	0.191335737705231	2.77024459838867	https://cosmos08.osdinfra.net/cosmos/AWE.Prod/shares/relevance/ADX/Predictions/NFL/Hamlett_Connor.jpg
1	Corey Coleman	Cleveland Browns	WR	7.44500348567963	0	0	0	0	0	35.2674446105957	0.191335737705231	2.77024459838867	https://cosmos08.osdinfra.net/cosmos/AWE.Prod/shares/relevance/ADX/Predictions/NFL/Coleman_Corey.jpg
1	Dak Prescott	Dallas Cowboys	QB	12.0498285031319	174.279693603516	0.857823073863983	0.728127598762512	15.5996561050415	0.135918408632278	0	0	0	https://cosmos08.osdinfra.net/cosmos/AWE.Prod/shares/relevance/ADX/Predictions/NFL/Prescott_Dak.jpg
1	Ezekiel Elliott	Dallas Cowboys	RB	14.04712668359279	0	0	0	27.352409362793	0.172724187374115	20.0421810150146	0.095298208296299	2.39953327178955	https://cosmos08.osdinfra.net/cosmos/AWE.Prod/shares/relevance/ADX/Predictions/NFL/Elliott_Ezekiel.jpg
1	Alfred Morris	Dallas Cowboys	RB	8.74712668359279	0	0	0	27.352409362793	0.172724187374115	20.0421810150146	0.095298208296299	2.39953327178955	https://cosmos08.osdinfra.net/cosmos/AWE.Prod/shares/relevance/ADX/Predictions/NFL/Morris_Alfred.jpg
1	Jason Witten	Dallas Cowboys	TE	10.6482145667076	0	0	0	0	0	47.2375564575195	0.28932586312294	4.18850374221802	https://cosmos08.osdinfra.net/cosmos/AWE.Prod/shares/relevance/ADX/Predictions/NFL/Witten_Jason.jpg
1	Dez Bryant	Dallas Cowboys	WR	14.7574207901955	0	0	0	0	0	46.7785224914551	0.320029467344284	3.55939173698425	https://cosmos08.osdinfra.net/cosmos/AWE.Prod/shares/relevance/ADX/Predictions/NFL/Bryant_Dez.jpg
1	Terrance Williams	Dallas Cowboys	WR	10.9751678347588	0	0	0	0	0	55.5556335449219	0.275887995958328	3.7642765045166	https://cosmos08.osdinfra.net/cosmos/AWE.Prod/shares/relevance/ADX/Predictions/NFL/Williams_Terrance.jpg
1	Trevor Siemian	Denver Broncos	QB	7.16464067935944	90.1119766235352	0.528264343738556	0.589754939079285	12.2860374450684	0.134709239006042	0	0	0	https://cosmos08.osdinfra.net/cosmos/AWE.Prod/shares/relevance/ADX/Predictions/NFL/Siemian_Trevor.jpg
1	C.J. Anderson	Denver Broncos	RB	12.2400921702385	0	0	0	51.1750221252441	0.409988224506378	19.2665309906006	0.074645608663559	2.2881338596344	https://cosmos08.osdinfra.net/cosmos/AWE.Prod/shares/relevance/ADX/Predictions/NFL/Anderson_C.J..jpg
1	Devontae Booker	Denver Broncos	RB	8.30590991675854	0	0	0	25.5476512908936	0.167314156889915	18.8542995452881	0.0901900753378868	2.32068943977356	https://cosmos08.osdinfra.net/cosmos/AWE.Prod/shares/relevance/ADX/Predictions/NFL/Booker_Devontae.jpg
1	Virgil Green	Denver Broncos	TE	8.12275959849358	0	0	0	0	0	26.5255260467529	0.202179029583931	2.4571328163147	https://cosmos08.osdinfra.net/cosmos/AWE.Prod/shares/relevance/ADX/Predictions/NFL/Green_Virgil.jpg
1	Jeff Heuerman	Denver Broncos	TE	6.32275959849358	0	0	0	0	0	26.5255260467529	0.202179029583931	2.4571328163147	https://cosmos08.osdinfra.net/cosmos/AWE.Prod/shares/relevance/ADX/Predictions/NFL/Heuerman_Jeff.jpg
1	Demaryius Thomas	Denver Broncos	WR	13.8625022888184	0	0	0	0	0	63.7622947692871	0.385868072509766	5.17106437683105	https://cosmos08.osdinfra.net/cosmos/AWE.Prod/shares/relevance/ADX/Predictions/NFL/Thomas_Demaryius.jpg
1	Emmanuel Sanders	Denver Broncos	WR	12.4894064068794	0	0	0	0	0	70.0988845825195	0.402032822370529	4.8673210144043	https://cosmos08.osdinfra.net/cosmos/AWE.Prod/shares/relevance/ADX/Predictions/NFL/Sanders_Emmanuel.jpg
1	Matthew Stafford	Detroit Lions	QB	19.7226467216015	266.517272949219	1.89920282363892	0.77347320318222	14.761923789978	0.127070888876915	0	0	0	https://cosmos08.osdinfra.net/cosmos/AWE.Prod/shares/relevance/ADX/Predictions/NFL/Stafford_Matthew.jpg
1	Ameer Abdullah	Detroit Lions	RB	11.3130578249693	0	0	0	39.9786529541016	0.25441312789917	20.408634185791	0.069607324898243	2.33020639419556	https://cosmos08.osdinfra.net/cosmos/AWE.Prod/shares/relevance/ADX/Predictions/NFL/Abdullah_Ameer.jpg
1	Theo Riddick	Detroit Lions	RB	11.0875588774681	0	0	0	23.0419654846191	0.163557693362236	31.1413669586182	0.131237134337425	3.90045666694641	https://cosmos08.osdinfra.net/cosmos/AWE.Prod/shares/relevance/ADX/Predictions/NFL/Riddick_Theo.jpg
1	Eric Ebron	Detroit Lions	TE	9.75320916175843	0	0	0	0	0	45.8018188476563	0.25963568687439	3.61521315574646	https://cosmos08.osdinfra.net/cosmos/AWE.Prod/shares/relevance/ADX/Predictions/NFL/Ebron_Eric.jpg
1	Cole Wick	Detroit Lions	TE	6.41483209133148	0	0	0	0	0	35.8725929260254	0.227923452854156	2.860032081604	https://cosmos08.osdinfra.net/cosmos/AWE.Prod/shares/relevance/ADX/Predictions/NFL/Wick_Cole.jpg
1	Golden Tate	Detroit Lions	WR	13.0930314421654	0	0	0	0	0	56.8402824401855	0.372815042734146	5.17211294174194	https://cosmos08.osdinfra.net/cosmos/AWE.Prod/shares/relevance/ADX/Predictions/NFL/Tate_Golden.jpg
1	Marvin Jones	Detroit Lions	WR	11.51483209133148	0	0	0	0	0	35.8725929260254	0.227923452854156	2.860032081604	https://cosmos08.osdinfra.net/cosmos/AWE.Prod/shares/relevance/ADX/Predictions/NFL/Jones_Marvin.jpg
1	Aaron Rodgers	Green Bay Packers	QB	23.4155470073223	258.543548583984	1.65965235233307	0.757051587104797	14.2480564117432	0.127906933426857	0	0	0	https://cosmos08.osdinfra.net/cosmos/AWE.Prod/shares/relevance/ADX/Predictions/NFL/Rodgers_Aaron.jpg
1	Eddie Lacy	Green Bay Packers	RB	13.0838758558035	0	0	0	47.6199264526367	0.308606147766113	21.1223258972168	0.0931874290108681	2.29888916015625	https://cosmos08.osdinfra.net/cosmos/AWE.Prod/shares/relevance/ADX/Predictions/NFL/Lacy_Eddie.jpg
1	James Starks	Green Bay Packers	RB	9.72593514174224	0	0	0	34.4520072937012	0.229970902204514	20.4025840759277	0.0616721399128437	2.4906177520752	https://cosmos08.osdinfra.net/cosmos/AWE.Prod/shares/relevance/ADX/Predictions/NFL/Starks_James.jpg
1	Jared Cook	Green Bay Packers	TE	8.69055275917054	0	0	0	0	0	35.2174644470215	0.224412798881531	2.8223295211792	https://cosmos08.osdinfra.net/cosmos/AWE.Prod/shares/relevance/ADX/Predictions/NFL/Cook_Jared.jpg
1	Richard Rodgers	Green Bay Packers	TE	8.55321455001831	0	0	0	0	0	37.5428009033203	0.267427563667297	3.1943690776825	https://cosmos08.osdinfra.net/cosmos/AWE.Prod/shares/relevance/ADX/Predictions/NFL/Rodgers_Richard.jpg
1	Randall Cobb	Green Bay Packers	WR	13.6866470336914	0	0	0	0	0	42.7579536437988	0.282377481460571	4.0165867805481	https://cosmos08.osdinfra.net/cosmos/AWE.Prod/shares/relevance/ADX/Predictions/NFL/Cobb_Randall.jpg
1	Jordy Nelson	Green Bay Packers	WR	13.6180125713348	0	0	0	0	0	65.1251831054688	0.33822500705719	5.07614421844482	https://cosmos08.osdinfra.net/cosmos/AWE.Prod/shares/relevance/ADX/Predictions/NFL/Nelson_Jordy.jpg
1	Brock Osweiler	Houston Texans	QB	11.1394267785549	164.605590820313	0.770727753639221	0.802154064178467	15.1409206390381	0.126725688576698	0	0	0	https://cosmos08.osdinfra.net/cosmos/AWE.Prod/shares/relevance/ADX/Predictions/NFL/Osweiler_Brock.jpg
1	Lamar Miller	Houston Texans	RB	15.01617898941041	0	0	0	26.2003841400146	0.157765716314316	18.571798324585	0.0868838131427765	2.27106356620789	https://cosmos08.osdinfra.net/cosmos/AWE.Prod/shares/relevance/ADX/Predictions/NFL/Miller_Lamar.jpg
1	Alfred Blue	Houston Texans	RB	6.5820794224739	0	0	0	56.4159164428711	0.289118617773056	17.710916519165	0.071300745010376	2.1068799495697	https://cosmos08.osdinfra.net/cosmos/AWE.Prod/shares/relevance/ADX/Predictions/NFL/Blue_Alfred.jpg
1	C.J. Fiedorowicz	Houston Texans	TE	5.03538019061088	0	0	0	0	0	20.3991661071777	0.163069322705269	2.0170476436615	https://cosmos08.osdinfra.net/cosmos/AWE.Prod/shares/relevance/ADX/Predictions/NFL/Fiedorowicz_CJ.jpg
1	DeAndre Hopkins	Houston Texans	WR	16.0876603126526	0	0	0	0	0	66.6247863769531	0.397307157516479	5.2413387298584	https://cosmos08.osdinfra.net/cosmos/AWE.Prod/shares/relevance/ADX/Predictions/NFL/Hopkins_DeAndre.jpg
1	Will Fuller	Houston Texans	WR	6.20256147384643	0	0	0	0	0	26.6707191467285	0.187597632408142	2.40990376472473	https://cosmos08.osdinfra.net/cosmos/AWE.Prod/shares/relevance/ADX/Predictions/NFL/Fuller_Will.jpg
1	Andrew Luck	Indianapolis Colts	QB	20.5776154196262	247.838882446289	1.58978569507599	0.807812392711639	22.2673091888428	0.147666469216347	0	0	0	https://cosmos08.osdinfra.net/cosmos/AWE.Prod/shares/relevance/ADX/Predictions/NFL/Luck_Andrew.jpg
1	Frank Gore	Indianapolis Colts	RB	12.3313722550869	0	0	0	55.8643608093262	0.354601889848709	20.378833770752	0.0667425245046616	2.17898631095886	https://cosmos08.osdinfra.net/cosmos/AWE.Prod/shares/relevance/ADX/Predictions/NFL/Gore_Frank.jpg
1	Robert Turbin	Indianapolis Colts	RB	8.22744249999523	0	0	0	25.7976913452148	0.156300067901611	19.3617458343506	0.0774523094296455	2.30898451805115	https://cosmos08.osdinfra.net/cosmos/AWE.Prod/shares/relevance/ADX/Predictions/NFL/Turbin_Robert.jpg
1	Dwayne Allen	Indianapolis Colts	TE	10.31453040242195	0	0	0	0	0	25.5525207519531	0.163863942027092	2.27609467506409	https://cosmos08.osdinfra.net/cosmos/AWE.Prod/shares/relevance/ADX/Predictions/NFL/Allen_Dwayne.jpg
1	Jack Doyle	Indianapolis Colts	TE	5.10447998046875	0	0	0	0	0	21.0851783752441	0.145409464836121	2.12350535392761	https://cosmos08.osdinfra.net/cosmos/AWE.Prod/shares/relevance/ADX/Predictions/NFL/Doyle_Jack.jpg
1	T.Y. Hilton	Indianapolis Colts	WR	12.9721180677414	0	0	0	0	0	61.9265823364258	0.394169867038727	4.41444063186646	https://cosmos08.osdinfra.net/cosmos/AWE.Prod/shares/relevance/ADX/Predictions/NFL/Hilton_TY.jpg
1	Donte Moncrief	Indianapolis Colts	WR	12.25702477097511	0	0	0	0	0	41.9228324890137	0.216339096426964	3.26670694351196	https://cosmos08.osdinfra.net/cosmos/AWE.Prod/shares/relevance/ADX/Predictions/NFL/Moncrief_Donte.jpg
1	Blake Bortles	Jacksonville Jaguars	QB	18.0826477277279	270.235473632813	1.42829167842865	0.888047158718109	14.9910621643066	0.158167168498039	0	0	0	https://cosmos08.osdinfra.net/cosmos/AWE.Prod/shares/relevance/ADX/Predictions/NFL/Bortles_Blake.jpg
1	T.J. Yeldon	Jacksonville Jaguars	RB	11.8403875082731	0	0	0	49.3190879821777	0.313477635383606	25.9351234436035	0.12227887660265	3.20042729377747	https://cosmos08.osdinfra.net/cosmos/AWE.Prod/shares/relevance/ADX/Predictions/NFL/Yeldon_T.J..jpg
1	Chris Ivory	Jacksonville Jaguars	RB	8.21768938302993	0	0	0	24.8181934356689	0.167113587260246	18.8524112701416	0.0852544754743576	2.33642053604126	https://cosmos08.osdinfra.net/cosmos/AWE.Prod/shares/relevance/ADX/Predictions/NFL/Ivory_Chris.jpg
1	Julius Thomas	Jacksonville Jaguars	TE	10.3983572840691	0	0	0	0	0	45.9679336547852	0.312663942575455	3.92558026313782	https://cosmos08.osdinfra.net/cosmos/AWE.Prod/shares/relevance/ADX/Predictions/NFL/Thomas_Julius.jpg
1	Marcedes Lewis	Jacksonville Jaguars	TE	5.8599985063076	0	0	0	0	0	26.1062831878662	0.175801530480385	2.19456100463867	https://cosmos08.osdinfra.net/cosmos/AWE.Prod/shares/relevance/ADX/Predictions/NFL/Lewis_Marcedes.jpg
1	Allen Robinson	Jacksonville Jaguars	WR	14.6787484288216	0	0	0	0	0	66.2922821044922	0.379664152860641	4.8715353012085	https://cosmos08.osdinfra.net/cosmos/AWE.Prod/shares/relevance/ADX/Predictions/NFL/Robinson_Allen.jpg
1	Allen Hurns	Jacksonville Jaguars	WR	10.9438828229904	0	0	0	0	0	51.8179893493652	0.348539412021637	3.67084741592407	https://cosmos08.osdinfra.net/cosmos/AWE.Prod/shares/relevance/ADX/Predictions/NFL/Hurns_Allen.jpg
1	Alex Smith	Kansas City Chiefs	QB	16.6530812072754	232.268173217773	1.60544872283936	0.703168213367462	33.8139152526855	0.210389345884323	0	0	0	https://cosmos08.osdinfra.net/cosmos/AWE.Prod/shares/relevance/ADX/Predictions/NFL/Smith_Alex.jpg
1	Spencer Ware	Kansas City Chiefs	RB	13.4584275782108	0	0	0	55.9341888427734	0.405453741550446	28.8661766052246	0.133099004626274	3.54707455635071	https://cosmos08.osdinfra.net/cosmos/AWE.Prod/shares/relevance/ADX/Predictions/NFL/Ware_Spencer.jpg
1	Spencer Ware	Kansas City Chiefs	RB	11.5814924806356	0	0	0	49.5167808532715	0.412648260593414	16.9460144042969	0.0588339939713478	2.10631942749023	https://cosmos08.osdinfra.net/cosmos/AWE.Prod/shares/relevance/ADX/Predictions/NFL/Ware_Spencer.jpg
1	Anthony Sherman	Kansas City Chiefs	RB	6.74764239192009	0	0	0	13.1365623474121	0.154915824532509	18.7814235687256	0.0788210034370422	2.15342283248901	https://cosmos08.osdinfra.net/cosmos/AWE.Prod/shares/relevance/ADX/Predictions/NFL/Sherman_Anthony.jpg
1	Travis Kelce	Kansas City Chiefs	TE	12.2064255714416	0	0	0	0	0	55.3669204711914	0.349231004714966	4.57434749603271	https://cosmos08.osdinfra.net/cosmos/AWE.Prod/shares/relevance/ADX/Predictions/NFL/Kelce_Travis.jpg
1	Demetrius Harris	Kansas City Chiefs	TE	6.18503727912904	0	0	0	0	0	26.1222019195557	0.194682002067566	2.40472507476807	https://cosmos08.osdinfra.net/cosmos/AWE.Prod/shares/relevance/ADX/Predictions/NFL/Harris_Demetrius.jpg
1	Jeremy Maclin	Kansas City Chiefs	WR	11.4934656143188	0	0	0	0	0	48.9561386108398	0.378577470779419	4.32638692855835	https://cosmos08.osdinfra.net/cosmos/AWE.Prod/shares/relevance/ADX/Predictions/NFL/Maclin_Jeremy.jpg
1	Albert Wilson	Kansas City Chiefs	WR	9.23989391326904	0	0	0	0	0	40.3404998779297	0.273203372955322	3.56662368774414	https://cosmos08.osdinfra.net/cosmos/AWE.Prod/shares/relevance/ADX/Predictions/NFL/Wilson_Albert.jpg
1	Case Keenum	Los Angeles Rams	QB	7.7960982394219	215.957534790039	1.22252428531647	0.764593839645386	12.7695827484131	0.125889211893082	0	0	0	https://cosmos08.osdinfra.net/cosmos/AWE.Prod/shares/relevance/ADX/Predictions/NFL/Keenum_Case.jpg
1	Todd Gurley	Los Angeles Rams	RB	17.9805199623108	0	0	0	64.5235748291016	0.418879419565201	19.4340057373047	0.0689934194087982	2.35752487182617	https://cosmos08.osdinfra.net/cosmos/AWE.Prod/shares/relevance/ADX/Predictions/NFL/Gurley_Todd.jpg
1	Benny Cunningham	Los Angeles Rams	RB	8.07185332775116	0	0	0	22.2492942810059	0.168337523937225	19.7486705780029	0.0763098001480103	2.40417289733887	https://cosmos08.osdinfra.net/cosmos/AWE.Prod/shares/relevance/ADX/Predictions/NFL/Cunningham_Benny.jpg
1	Lance Kendricks	Los Angeles Rams	TE	7.71480898857116	0	0	0	0	0	34.5351295471191	0.213088274002075	2.9827663898468	https://cosmos08.osdinfra.net/cosmos/AWE.Prod/shares/relevance/ADX/Predictions/NFL/Kendricks_Lance.jpg
1	Tyler Higbee	Los Angeles Rams	TE	7.3739345729351	0	0	0	0	0	34.2424163818359	0.206732109189034	2.70930027961731	https://cosmos08.osdinfra.net/cosmos/AWE.Prod/shares/relevance/ADX/Predictions/NFL/Higbee_Tyler.jpg
1	Kenny Britt	Los Angeles Rams	WR	10.2598306298256	0	0	0	0	0	50.1500282287598	0.295357912778854	3.47268033027649	https://cosmos08.osdinfra.net/cosmos/AWE.Prod/shares/relevance/ADX/Predictions/NFL/Britt_Kenny.jpg
1	Tavon Austin	Los Angeles Rams	WR	8.60112770795822	0	0	0	0	0	38.8760414123535	0.233591109514236	3.31197690963745	https://cosmos08.osdinfra.net/cosmos/AWE.Prod/shares/relevance/ADX/Predictions/NFL/Austin_Tavon.jpg
1	Ryan Tannehill	Miami Dolphins	QB	16.3580734217167	232.485137939453	1.33611810207367	0.865695238113403	17.1617088317871	0.143953308463097	0	0	0	https://cosmos08.osdinfra.net/cosmos/AWE.Prod/shares/relevance/ADX/Predictions/NFL/Tannehill_Ryan.jpg
1	Arian Foster	Miami Dolphins	RB	9.022981056571	0	0	0	29.7653465270996	0.163982510566711	20.4029140472412	0.0822177305817604	2.52895355224609	https://cosmos08.osdinfra.net/cosmos/AWE.Prod/shares/relevance/ADX/Predictions/NFL/Foster_Arian.jpg
1	Jay Ajayi	Miami Dolphins	RB	8.30062704384328	0	0	0	30.3908653259277	0.170479163527489	17.8048648834229	0.0323270633816719	2.26421666145325	https://cosmos08.osdinfra.net/cosmos/AWE.Prod/shares/relevance/ADX/Predictions/NFL/Ajayi_Jay.jpg
1	Jordan Cameron	Miami Dolphins	TE	8.58608304858208	0	0	0	0	0	30.5857048034668	0.173065260052681	2.68912100791931	https://cosmos08.osdinfra.net/cosmos/AWE.Prod/shares/relevance/ADX/Predictions/NFL/Cameron_Jordan.jpg
1	Dion Sims	Miami Dolphins	TE	6.65422939062118	0	0	0	0	0	29.8715667724609	0.168401390314102	2.65666437149048	https://cosmos08.osdinfra.net/cosmos/AWE.Prod/shares/relevance/ADX/Predictions/NFL/Sims_Dion.jpg
1	Jarvis Landry	Miami Dolphins	WR	13.9316949367523	0	0	0	0	0	62.7707023620605	0.406808257102966	5.21377515792847	https://cosmos08.osdinfra.net/cosmos/AWE.Prod/shares/relevance/ADX/Predictions/NFL/Landry_Jarvis.jpg
1	Kenny Stills	Miami Dolphins	WR	7.41839503645897	0	0	0	0	0	34.4663276672363	0.211126819252968	2.70500135421753	https://cosmos08.osdinfra.net/cosmos/AWE.Prod/shares/relevance/ADX/Predictions/NFL/Stills_Kenny.jpg
1	Shaun Hill	Minnesota Vikings	QB	9.68815992712975	122.795539855957	0.809268355369568	0.525046050548553	12.7216711044312	0.132023975253105	0	0	0	https://cosmos08.osdinfra.net/cosmos/AWE.Prod/shares/relevance/ADX/Predictions/NFL/Hill_Shaun.jpg
1	Adrian Peterson	Minnesota Vikings	RB	14.2369515448809	0	0	0	65.2675170898438	0.432449579238892	21.0753612518311	0.0891542360186577	2.47304081916809	https://cosmos08.osdinfra.net/cosmos/AWE.Prod/shares/relevance/ADX/Predictions/NFL/Peterson_Adrian.jpg
1	Jerick McKinnon	Minnesota Vikings	RB	9.39317538440227	0	0	0	26.6755905151367	0.178230330348015	23.9912147521973	0.0795724615454674	2.77967810630798	https://cosmos08.osdinfra.net/cosmos/AWE.Prod/shares/relevance/ADX/Predictions/NFL/McKinnon_Jerick.jpg
1	Kyle Rudolph	Minnesota Vikings	TE	8.92090065479278	0	0	0	0	0	39.8532218933105	0.255957901477814	3.39983105659485	https://cosmos08.osdinfra.net/cosmos/AWE.Prod/shares/relevance/ADX/Predictions/NFL/Rudolph_Kyle.jpg
1	MyCole Pruitt	Minnesota Vikings	TE	6.88801619410515	0	0	0	0	0	32.4782752990723	0.193958476185799	2.47643780708313	https://cosmos08.osdinfra.net/cosmos/AWE.Prod/shares/relevance/ADX/Predictions/NFL/Pruitt_MyCole.jpg
1	Stefon Diggs	Minnesota Vikings	WR	8.27071484327316	0	0	0	0	0	36.6308441162109	0.250992804765701	3.10167360305786	https://cosmos08.osdinfra.net/cosmos/AWE.Prod/shares/relevance/ADX/Predictions/NFL/Diggs_Stefon.jpg
1	Charles Johnson	Minnesota Vikings	WR	7.24486298561096	0	0	0	0	0	33.7026138305664	0.22645902633667	2.5158474445343	https://cosmos08.osdinfra.net/cosmos/AWE.Prod/shares/relevance/ADX/Predictions/NFL/Johnson_Charles.jpg
1	Jimmy Garoppolo	New England Patriots	QB	7.49257781267166	92.283805847168	0.599884212017059	0.622835993766785	12.8896484375	0.122593313455582	0	0	0	https://cosmos08.osdinfra.net/cosmos/AWE.Prod/shares/relevance/ADX/Predictions/NFL/Garoppolo_Jimmy.jpg
1	James White	New England Patriots	RB	12.0120967626572	0	0	0	23.327486038208	0.16127972304821	38.7338714599609	0.144413128495216	3.97180390357971	https://cosmos08.osdinfra.net/cosmos/AWE.Prod/shares/relevance/ADX/Predictions/NFL/White_James.jpg
1	LeGarrette Blount	New England Patriots	RB	11.271785621345	0	0	0	48.338020324707	0.322698175907135	18.6727180480957	0.0595032460987568	2.27750325202942	https://cosmos08.osdinfra.net/cosmos/AWE.Prod/shares/relevance/ADX/Predictions/NFL/Blount_LeGarrette.jpg
1	James Develin	New England Patriots	RB	7.24419453144073	0	0	0	16.2824897766113	0.153079807758331	20.4642353057861	0.0614379644393921	2.28241539001465	https://cosmos08.osdinfra.net/cosmos/AWE.Prod/shares/relevance/ADX/Predictions/NFL/Develin_James.jpg
1	Rob Gronkowski	New England Patriots	TE	15.3258685946465	0	0	0	0	0	74.5927505493164	0.436344414949417	5.24852705001831	https://cosmos08.osdinfra.net/cosmos/AWE.Prod/shares/relevance/ADX/Predictions/NFL/Gronkowski_Rob.jpg
1	Martellus Bennett	New England Patriots	TE	9.00179350376129	0	0	0	0	0	35.50732421875	0.217012345790863	2.94898700714111	https://cosmos08.osdinfra.net/cosmos/AWE.Prod/shares/relevance/ADX/Predictions/NFL/Bennett_Martellus.jpg
1	Julian Edelman	New England Patriots	WR	13.0154807806015	0	0	0	0	0	72.3502426147461	0.44900780916214	5.48640966415405	https://cosmos08.osdinfra.net/cosmos/AWE.Prod/shares/relevance/ADX/Predictions/NFL/Edelman_Julian.jpg
1	Malcolm Mitchell	New England Patriots	WR	7.80179350376129	0	0	0	0	0	35.50732421875	0.217012345790863	2.94898700714111	https://cosmos08.osdinfra.net/cosmos/AWE.Prod/shares/relevance/ADX/Predictions/NFL/Mitchell_Malcolm.jpg
1	Drew Brees	New Orleans Saints	QB	21.3884361803532	284.553070068359	2.23179364204407	0.787238895893097	11.3025035858154	0.122687891125679	0	0	0	https://cosmos08.osdinfra.net/cosmos/AWE.Prod/shares/relevance/ADX/Predictions/NFL/Brees_Drew.jpg
1	Mark Ingram	New Orleans Saints	RB	14.9299489974976	0	0	0	48.2650947570801	0.413544654846191	31.1344738006592	0.115682363510132	3.81463003158569	https://cosmos08.osdinfra.net/cosmos/AWE.Prod/shares/relevance/ADX/Predictions/NFL/Ingram_Mark.jpg
1	C.J. Spiller	New Orleans Saints	RB	7.22753661572933	0	0	0	14.8382625579834	0.143516018986702	19.4848499298096	0.0765083655714989	2.47507905960083	https://cosmos08.osdinfra.net/cosmos/AWE.Prod/shares/relevance/ADX/Predictions/NFL/Spiller_C.J..jpg
1	Coby Fleener	New Orleans Saints	TE	6.43927956819533	0	0	0	0	0	27.5105686187744	0.192047923803329	2.53593516349792	https://cosmos08.osdinfra.net/cosmos/AWE.Prod/shares/relevance/ADX/Predictions/NFL/Fleener_Coby.jpg
1	Josh Hill	New Orleans Saints	TE	5.41554960012436	0	0	0	0	0	22.2643508911133	0.161180526018143	2.22203135490417	https://cosmos08.osdinfra.net/cosmos/AWE.Prod/shares/relevance/ADX/Predictions/NFL/Hill_Josh.jpg
1	Brandin Cooks	New Orleans Saints	WR	15.7826407909393	0	0	0	0	0	72.964111328125	0.536398768424988	5.2678370475769	https://cosmos08.osdinfra.net/cosmos/AWE.Prod/shares/relevance/ADX/Predictions/NFL/Cooks_Brandin.png
1	Willie Snead	New Orleans Saints	WR	12.1683730006218	0	0	0	0	0	67.5547943115234	0.44258239865303	5.15739917755127	https://cosmos08.osdinfra.net/cosmos/AWE.Prod/shares/relevance/ADX/Predictions/NFL/Snead_Willie.jpg
1	Eli Manning	New York Giants	QB	18.6783876276016	277.167877197266	1.62310707569122	0.815819025039673	11.6150379180908	0.125593245029449	0	0	0	https://cosmos08.osdinfra.net/cosmos/AWE.Prod/shares/relevance/ADX/Predictions/NFL/Manning_Eli.jpg
1	Rashad Jennings	New York Giants	RB	13.042103600502	0	0	0	57.6989402770996	0.351627439260483	21.6313629150391	0.0813498198986053	2.51120972633362	https://cosmos08.osdinfra.net/cosmos/AWE.Prod/shares/relevance/ADX/Predictions/NFL/Jennings_Rashad.jpg
1	Shane Vereen	New York Giants	RB	10.3862722426653	0	0	0	25.7712802886963	0.173739582300186	26.6208744049072	0.112987004220486	3.42669725418091	https://cosmos08.osdinfra.net/cosmos/AWE.Prod/shares/relevance/ADX/Predictions/NFL/Vereen_Shane.jpg
1	Will Tye	New York Giants	TE	10.2596193909645	0	0	0	0	0	46.2910804748535	0.286097973585129	3.91392350196838	https://cosmos08.osdinfra.net/cosmos/AWE.Prod/shares/relevance/ADX/Predictions/NFL/Tye_Will.jpg
1	Larry Donnell	New York Giants	TE	9.13674310445786	0	0	0	0	0	39.2986068725586	0.255520850419998	3.67375731468201	https://cosmos08.osdinfra.net/cosmos/AWE.Prod/shares/relevance/ADX/Predictions/NFL/Donnell_Larry.jpg
1	Odell Beckham	New York Giants	WR	16.226454281807	0	0	0	0	0	76.3834609985352	0.530979573726654	5.40223073959351	https://cosmos08.osdinfra.net/cosmos/AWE.Prod/shares/relevance/ADX/Predictions/NFL/Beckham_Odell.jpg
1	Sterling Shepard	New York Giants	WR	7.55269113779068	0	0	0	0	0	34.8796424865723	0.210033625364304	2.80452513694763	https://cosmos08.osdinfra.net/cosmos/AWE.Prod/shares/relevance/ADX/Predictions/NFL/Shepard_Sterling.jpg
1	Ryan Fitzpatrick	New York Jets	QB	17.7621442639828	262.819458007813	1.45041275024414	0.869105339050293	15.5996446609497	0.126142635941505	0	0	0	https://cosmos08.osdinfra.net/cosmos/AWE.Prod/shares/relevance/ADX/Predictions/NFL/Fitzpatrick_Ryan.jpg
1	Matt Forte	New York Jets	RB	13.19126605391504	0	0	0	26.9657592773438	0.168482080101967	18.7373428344727	0.0835776329040527	2.30859756469727	https://cosmos08.osdinfra.net/cosmos/AWE.Prod/shares/relevance/ADX/Predictions/NFL/Forte_Matt.jpg
1	Bilal Powell	New York Jets	RB	11.0123293638229	0	0	0	34.3121070861816	0.199046418070793	37.087818145752	0.12527371942997	4.326416015625	https://cosmos08.osdinfra.net/cosmos/AWE.Prod/shares/relevance/ADX/Predictions/NFL/Powell_Bilal.jpg
1	Jace Amaro	New York Jets	TE	8.85959323644638	0	0	0	0	0	39.2243804931641	0.247751027345657	3.45064902305603	https://cosmos08.osdinfra.net/cosmos/AWE.Prod/shares/relevance/ADX/Predictions/NFL/Amaro_Jace.jpg
1	Kellen Davis	New York Jets	TE	5.66509224176407	0	0	0	0	0	23.53244972229	0.167540639638901	2.30660343170166	https://cosmos08.osdinfra.net/cosmos/AWE.Prod/shares/relevance/ADX/Predictions/NFL/Davis_Kellen.png
1	Brandon Marshall	New York Jets	WR	16.3153384566307	0	0	0	0	0	76.6797103881836	0.49715581536293	5.66443252563477	https://cosmos08.osdinfra.net/cosmos/AWE.Prod/shares/relevance/ADX/Predictions/NFL/Marshall_Brandon.jpg
1	Eric Decker	New York Jets	WR	12.5033110141754	0	0	0	0	0	67.6710357666016	0.40843141078949	5.08561897277832	https://cosmos08.osdinfra.net/cosmos/AWE.Prod/shares/relevance/ADX/Predictions/NFL/Decker_Eric.jpg
1	Derek Carr	Oakland Raiders	QB	18.4313763231039	258.433532714844	1.70144975185394	0.772135972976685	13.4676074981689	0.118935205042362	0	0	0	https://cosmos08.osdinfra.net/cosmos/AWE.Prod/shares/relevance/ADX/Predictions/NFL/Carr_Derek.jpg
1	Latavius Murray	Oakland Raiders	RB	12.8711143195629	0	0	0	55.18115234375	0.323063462972641	22.4692668914795	0.066541776061058	2.76844096183777	https://cosmos08.osdinfra.net/cosmos/AWE.Prod/shares/relevance/ADX/Predictions/NFL/Murray_Latavius.jpg
1	DeAndre Washington	Oakland Raiders	RB	9.52528428137303	0	0	0	30.4000873565674	0.17473216354847	22.7908172607422	0.0968348458409309	2.57679176330566	https://cosmos08.osdinfra.net/cosmos/AWE.Prod/shares/relevance/ADX/Predictions/NFL/Washington_DeAndre.jpg
1	Clive Walford	Oakland Raiders	TE	8.58587864637374	0	0	0	0	0	41.2756309509277	0.213279873132706	3.17863631248474	https://cosmos08.osdinfra.net/cosmos/AWE.Prod/shares/relevance/ADX/Predictions/NFL/Walford_Clive.jpg
1	Mychal Rivera	Oakland Raiders	TE	7.63663320541382	0	0	0	0	0	34.46728515625	0.214519739151001	2.90278625488281	https://cosmos08.osdinfra.net/cosmos/AWE.Prod/shares/relevance/ADX/Predictions/NFL/Rivera_Mychal.jpg
1	Amari Cooper	Oakland Raiders	WR	14.5564945340157	0	0	0	0	0	66.9070587158203	0.397051066160202	4.58348226547241	https://cosmos08.osdinfra.net/cosmos/AWE.Prod/shares/relevance/ADX/Predictions/NFL/Cooper_Amari.jpg
1	Michael Crabtree	Oakland Raiders	WR	11.4842667222023	0	0	0	0	0	50.5226364135742	0.346965402364731	4.35021066665649	https://cosmos08.osdinfra.net/cosmos/AWE.Prod/shares/relevance/ADX/Predictions/NFL/Crabtree_Michael.jpg
1	Carson Wentz	Philadelphia Eagles	QB	16.0404237723351	266.338256835938	1.81681752204895	0.770202457904816	11.5105466842651	0.123128533363342	0	0	0	https://cosmos08.osdinfra.net/cosmos/AWE.Prod/shares/relevance/ADX/Predictions/NFL/Wentz_Carson.jpg
1	Ryan Mathews	Philadelphia Eagles	RB	12.28624396622181	0	0	0	32.7395782470703	0.227612271904945	19.0102291107178	0.0833340659737587	2.24558520317078	https://cosmos08.osdinfra.net/cosmos/AWE.Prod/shares/relevance/ADX/Predictions/NFL/Mathews_Ryan.jpg
1	Darren Sproles	Philadelphia Eagles	RB	11.0517047524452	0	0	0	31.1409702301025	0.178465098142624	26.9205226898193	0.109225630760193	3.51941108703613	https://cosmos08.osdinfra.net/cosmos/AWE.Prod/shares/relevance/ADX/Predictions/NFL/Sproles_Darren.jpg
1	Zach Ertz	Philadelphia Eagles	TE	15.3568380475044	0	0	0	0	0	72.4905395507813	0.412682503461838	5.63168907165527	https://cosmos08.osdinfra.net/cosmos/AWE.Prod/shares/relevance/ADX/Predictions/NFL/Ertz_Zach.jpg
1	Brent Celek	Philadelphia Eagles	TE	7.42890790104866	0	0	0	0	0	34.9484443664551	0.229342266917229	2.55800986289978	https://cosmos08.osdinfra.net/cosmos/AWE.Prod/shares/relevance/ADX/Predictions/NFL/Celek_Brent.jpg
1	Jordan Matthews	Philadelphia Eagles	WR	13.9030211210251	0	0	0	0	0	66.8295516967773	0.381283819675446	4.93236303329468	https://cosmos08.osdinfra.net/cosmos/AWE.Prod/shares/relevance/ADX/Predictions/NFL/Matthews_Jordan.jpg
1	Nelson Agholor	Philadelphia Eagles	WR	7.94592257142067	0	0	0	0	0	36.333740234375	0.235703453421593	2.89832782745361	https://cosmos08.osdinfra.net/cosmos/AWE.Prod/shares/relevance/ADX/Predictions/NFL/Agholor_Nelson.jpg
1	Ben Roethlisberger	Pittsburgh Steelers	QB	19.7643680953979	289.015441894531	1.80286717414856	0.794167101383209	10.4559211730957	0.12347611784935	0	0	0	https://cosmos08.osdinfra.net/cosmos/AWE.Prod/shares/relevance/ADX/Predictions/NFL/Roethlisberger_Ben.jpg
1	DeAngelo Williams	Pittsburgh Steelers	RB	14.6156348586083	0	0	0	50.9122924804688	0.415762007236481	27.997838973999	0.120746821165085	3.50556874275208	https://cosmos08.osdinfra.net/cosmos/AWE.Prod/shares/relevance/ADX/Predictions/NFL/Williams_DeAngelo.jpg
1	Jesse James	Pittsburgh Steelers	TE	7.35803729891777	0	0	0	0	0	34.4566116333008	0.208348706364632	2.6622838973999	https://cosmos08.osdinfra.net/cosmos/AWE.Prod/shares/relevance/ADX/Predictions/NFL/James_Jesse.jpg
1	Xavier Grimble	Pittsburgh Steelers	TE	6.57821912169457	0	0	0	0	0	39.3182945251465	0.240671053528786	3.1023633480072	https://cosmos08.osdinfra.net/cosmos/AWE.Prod/shares/relevance/ADX/Predictions/NFL/Grimble_Xavier.jpg
1	Antonio Brown	Pittsburgh Steelers	WR	17.8218121767044	0	0	0	0	0	85.2338256835938	0.519696176052094	6.18025255203247	https://cosmos08.osdinfra.net/cosmos/AWE.Prod/shares/relevance/ADX/Predictions/NFL/Brown_Antonio.jpg
1	Markus Wheaton	Pittsburgh Steelers	WR	10.8800712108612	0	0	0	0	0	48.9656715393066	0.348808884620667	3.89065074920654	https://cosmos08.osdinfra.net/cosmos/AWE.Prod/shares/relevance/ADX/Predictions/NFL/Wheaton_Markus.jpg
1	Philip Rivers	San Diego Chargers	QB	18.1471211397648	233.347259521484	1.1918431520462	0.89128190279007	9.53493881225586	0.11394102871418	0	0	0	https://cosmos08.osdinfra.net/cosmos/AWE.Prod/shares/relevance/ADX/Predictions/NFL/Rivers_Phillip.jpg
1	Danny Woodhead	San Diego Chargers	RB	12.2185084402561	0	0	0	30.0479888916016	0.160926818847656	31.0925369262695	0.142755731940269	4.28236055374146	https://cosmos08.osdinfra.net/cosmos/AWE.Prod/shares/relevance/ADX/Predictions/NFL/Woodhead_Danny.jpg
1	Melvin Gordon	San Diego Chargers	RB	11.8679578945041	0	0	0	48.1961250305176	0.286784112453461	22.4690074920654	0.0546818561851978	2.75264883041382	https://cosmos08.osdinfra.net/cosmos/AWE.Prod/shares/relevance/ADX/Predictions/NFL/Gordon_Melvin.jpg
1	Antonio Gates	San Diego Chargers	TE	10.7359138906002	0	0	0	0	0	51.9070510864258	0.245622292160988	4.0714750289917	https://cosmos08.osdinfra.net/cosmos/AWE.Prod/shares/relevance/ADX/Predictions/NFL/Gates_Antonio.jpg
1	Hunter Henry	San Diego Chargers	TE	7.30971395969391	0	0	0	0	0	34.4888305664063	0.169469892978668	2.84401154518127	https://cosmos08.osdinfra.net/cosmos/AWE.Prod/shares/relevance/ADX/Predictions/NFL/Henry_Hunter.jpg
1	Keenan Allen	San Diego Chargers	WR	15.0087764024735	0	0	0	0	0	70.7979736328125	0.38759583234787	5.60340404510498	https://cosmos08.osdinfra.net/cosmos/AWE.Prod/shares/relevance/ADX/Predictions/NFL/Allen_Keenan.jpg
1	Travis Benjamin	San Diego Chargers	WR	7.30971395969391	0	0	0	0	0	34.4888305664063	0.169469892978668	2.84401154518127	https://cosmos08.osdinfra.net/cosmos/AWE.Prod/shares/relevance/ADX/Predictions/NFL/Benjamin_Travis.jpg
1	Blaine Gabbert	San Francisco 49ers	QB	11.9245074510574	248.439788818359	1.21993517875671	0.810760974884033	20.9961242675781	0.136387288570404	0	0	0	https://cosmos08.osdinfra.net/cosmos/AWE.Prod/shares/relevance/ADX/Predictions/NFL/Gabbert_Blaine.jpg
1	Carlos Hyde	San Francisco 49ers	RB	12.3300789043307	0	0	0	52.5796318054199	0.29181969165802	17.567943572998	0.0335655398666859	2.0630099773407	https://cosmos08.osdinfra.net/cosmos/AWE.Prod/shares/relevance/ADX/Predictions/NFL/Hyde_Carlos.jpg
1	Shaun Draughn	San Francisco 49ers	RB	8.4801015257835	0	0	0	43.6094741821289	0.257032841444016	24.8736419677734	0.0850254893302917	3.27943992614746	https://cosmos08.osdinfra.net/cosmos/AWE.Prod/shares/relevance/ADX/Predictions/NFL/Draughn_Shaun.jpg
1	Vance McDonald	San Francisco 49ers	TE	8.11858767867087	0	0	0	0	0	39.259105682373	0.179644718766212	3.1148087978363	https://cosmos08.osdinfra.net/cosmos/AWE.Prod/shares/relevance/ADX/Predictions/NFL/McDonald_Vance.jpg
1	Garrett Celek	San Francisco 49ers	TE	6.11158431768417	0	0	0	0	0	25.9884376525879	0.181340008974075	2.42470049858093	https://cosmos08.osdinfra.net/cosmos/AWE.Prod/shares/relevance/ADX/Predictions/NFL/Celek_Garrett.jpg
1	Torrey Smith	San Francisco 49ers	WR	8.80018157362938	0	0	0	0	0	42.0370254516602	0.235905066132545	3.18104863166809	https://cosmos08.osdinfra.net/cosmos/AWE.Prod/shares/relevance/ADX/Predictions/NFL/Smith_Torrey.jpg
1	Quinton Patton	San Francisco 49ers	WR	6.77006284594536	0	0	0	0	0	33.1305618286133	0.140399172902107	2.61461162567139	https://cosmos08.osdinfra.net/cosmos/AWE.Prod/shares/relevance/ADX/Predictions/NFL/Patton_Quinton.jpg
1	Russell Wilson	Seattle Seahawks	QB	19.7846525478363	256.829864501953	1.62859308719635	0.734368860721588	26.6470222473145	0.17779204249382	0	0	0	https://cosmos08.osdinfra.net/cosmos/AWE.Prod/shares/relevance/ADX/Predictions/NFL/Wilson_Russell.jpg
1	Thomas Rawls	Seattle Seahawks	RB	13.0120053619146	0	0	0	63.214900970459	0.424349755048752	17.7563381195068	0.0468333438038826	2.08778285980225	https://cosmos08.osdinfra.net/cosmos/AWE.Prod/shares/relevance/ADX/Predictions/NFL/Rawls_Thomas.jpg
1	Christine Michael	Seattle Seahawks	RB	10.4106589928269	0	0	0	46.7554512023926	0.289824098348618	16.6027221679688	0.0488944612443447	2.04253029823303	https://cosmos08.osdinfra.net/cosmos/AWE.Prod/shares/relevance/ADX/Predictions/NFL/Michael_Christine.jpg
1	Jimmy Graham	Seattle Seahawks	TE	11.3038722753525	0	0	0	0	0	53.3095626831055	0.304983198642731	4.14301681518555	https://cosmos08.osdinfra.net/cosmos/AWE.Prod/shares/relevance/ADX/Predictions/NFL/Graham_Jimmy.jpg
1	Luke Willson	Seattle Seahawks	TE	6.15127755999564	0	0	0	0	0	27.4305038452148	0.181329324841499	2.32025122642517	https://cosmos08.osdinfra.net/cosmos/AWE.Prod/shares/relevance/ADX/Predictions/NFL/Willson_Luke.jpg
1	Doug Baldwin	Seattle Seahawks	WR	12.1951351165772	0	0	0	0	0	74.8131790161133	0.538003206253052	4.88579797744751	https://cosmos08.osdinfra.net/cosmos/AWE.Prod/shares/relevance/ADX/Predictions/NFL/Baldwin_Doug.jpg
1	Jermaine Kearse	Seattle Seahawks	WR	7.262263417244	0	0	0	0	0	56.8115463256836	0.341094434261322	4.43454217910767	https://cosmos08.osdinfra.net/cosmos/AWE.Prod/shares/relevance/ADX/Predictions/NFL/Kearse_Jermaine.jpg
1	Jameis Winston	Tampa Bay Buccaneers	QB	18.3886961209774	257.841522216797	1.54422616958618	0.798433125019073	17.1791725158691	0.163107737898827	0	0	0	https://cosmos08.osdinfra.net/cosmos/AWE.Prod/shares/relevance/ADX/Predictions/NFL/Winston_Jameis.jpg
1	Doug Martin	Tampa Bay Buccaneers	RB	13.3266347065568	0	0	0	59.5967559814453	0.381454885005951	21.984525680542	0.057112779468298	2.53710055351257	https://cosmos08.osdinfra.net/cosmos/AWE.Prod/shares/relevance/ADX/Predictions/NFL/Martin_Doug.jpg
1	Charles Sims	Tampa Bay Buccaneers	RB	11.5940665781498	0	0	0	31.0331058502197	0.189740166068077	39.5876960754395	0.144967675209045	4.02373933792114	https://cosmos08.osdinfra.net/cosmos/AWE.Prod/shares/relevance/ADX/Predictions/NFL/Sims_Charles.jpg
1	Austin Seferian-Jenkins	Tampa Bay Buccaneers	TE	8.84526559114457	0	0	0	0	0	42.2074356079102	0.221435874700546	3.29590678215027	https://cosmos08.osdinfra.net/cosmos/AWE.Prod/shares/relevance/ADX/Predictions/NFL/Seferian-Jenkins_Austin.jpg
1	Cameron Brate	Tampa Bay Buccaneers	TE	7.79952229857445	0	0	0	0	0	36.1002616882324	0.202965870499611	2.97170090675354	https://cosmos08.osdinfra.net/cosmos/AWE.Prod/shares/relevance/ADX/Predictions/NFL/Brate_Cameron.jpg
1	Mike Evans	Tampa Bay Buccaneers	WR	14.5077656507492	0	0	0	0	0	70.7952117919922	0.406941473484039	4.98659563064575	https://cosmos08.osdinfra.net/cosmos/AWE.Prod/shares/relevance/ADX/Predictions/NFL/Evans_Mike.jpg
1	Vincent Jackson	Tampa Bay Buccaneers	WR	10.6270831942558	0	0	0	0	0	52.4947853088379	0.289325624704361	3.64165091514587	https://cosmos08.osdinfra.net/cosmos/AWE.Prod/shares/relevance/ADX/Predictions/NFL/Jackson_Vincent.jpg
1	Marcus Mariota	Tennessee Titans	QB	14.862176734209	206.395568847656	1.16587686538696	0.883958458900452	18.6958045959473	0.159537419676781	0	0	0	https://cosmos08.osdinfra.net/cosmos/AWE.Prod/shares/relevance/ADX/Predictions/NFL/Mariota_Marcus.jpg
1	DeMarco Murray	Tennessee Titans	RB	12.35400658249855	0	0	0	24.8181934356689	0.162426859140396	18.2190208435059	0.0715208798646927	2.24659872055054	https://cosmos08.osdinfra.net/cosmos/AWE.Prod/shares/relevance/ADX/Predictions/NFL/Murray_DeMarco.jpg
1	Derrick Henry	Tennessee Titans	RB	7.95400658249855	0	0	0	24.8181934356689	0.162426859140396	18.2190208435059	0.0715208798646927	2.24659872055054	https://cosmos08.osdinfra.net/cosmos/AWE.Prod/shares/relevance/ADX/Predictions/NFL/Henry_Derrick.jpg
1	Delanie Walker	Tennessee Titans	TE	13.933232486248	0	0	0	0	0	64.6131134033203	0.353676110506058	5.34986448287964	https://cosmos08.osdinfra.net/cosmos/AWE.Prod/shares/relevance/ADX/Predictions/NFL/Walker_Delanie.jpg
1	Anthony Fasano	Tennessee Titans	TE	5.516238540411	0	0	0	0	0	24.1284561157227	0.137455835938454	2.27865791320801	https://cosmos08.osdinfra.net/cosmos/AWE.Prod/shares/relevance/ADX/Predictions/NFL/Fasano_Anthony.jpg
1	Tajae Sharpe	Tennessee Titans	WR	5.86240314841271	0	0	0	0	0	25.4678764343262	0.157755985856056	2.36907958984375	https://cosmos08.osdinfra.net/cosmos/AWE.Prod/shares/relevance/ADX/Predictions/NFL/Sharpe_Tajae.jpg
1	Rishard Matthews	Tennessee Titans	WR	5.86240314841271	0	0	0	0	0	25.4678764343262	0.157755985856056	2.36907958984375	https://cosmos08.osdinfra.net/cosmos/AWE.Prod/shares/relevance/ADX/Predictions/NFL/Matthews_Rishard.jpg
1	Kirk Cousins	Washington Redskins	QB	20.1333924782276	283.6494140625	1.86234676837921	0.849099934101105	11.3025035858154	0.176146402955055	0	0	0	https://cosmos08.osdinfra.net/cosmos/AWE.Prod/shares/relevance/ADX/Predictions/NFL/Cousins_Kirk.jpg
1	Matt Jones	Washington Redskins	RB	12.2328045159578	0	0	0	40.432315826416	0.263542711734772	23.8677215576172	0.102186314761639	2.30842661857605	https://cosmos08.osdinfra.net/cosmos/AWE.Prod/shares/relevance/ADX/Predictions/NFL/Jones_Matt.jpg
1	Chris Thompson	Washington Redskins	RB	9.04862304031849	0	0	0	19.8986034393311	0.154166698455811	24.7595996856689	0.0997831746935844	3.05910348892212	https://cosmos08.osdinfra.net/cosmos/AWE.Prod/shares/relevance/ADX/Predictions/NFL/Thompson_Chris.png
1	Jordan Reed	Washington Redskins	TE	16.1330478310585	0	0	0	0	0	75.3431625366211	0.476275771856308	5.74107694625854	https://cosmos08.osdinfra.net/cosmos/AWE.Prod/shares/relevance/ADX/Predictions/NFL/Reed_Jordan.png
1	DeSean Jackson	Washington Redskins	WR	12.484707403183	0	0	0	0	0	60.8577613830566	0.394478917121887	4.032057762146	https://cosmos08.osdinfra.net/cosmos/AWE.Prod/shares/relevance/ADX/Predictions/NFL/Jackson_DeSean.jpg
1	Pierre Garcon	Washington Redskins	WR	7.3208301663399	0	0	0	0	0	51.2462615966797	0.322252720594406	4.26268768310547	https://cosmos08.osdinfra.net/cosmos/AWE.Prod/shares/relevance/ADX/Predictions/NFL/Garcon_Pierre.jpg
2	Carson Palmer	Arizona Cardinals	QB	18.5099254345894	258.256439208984	1.8275089263916	0.877295911312103	9.95980358123779	0.125157952308655	0	0	0	https://cosmos08.osdinfra.net/cosmos/AWE.Prod/shares/relevance/ADX/Predictions/NFL/Palmer_Carson.jpg
2	David Johnson	Arizona Cardinals	RB	18.0023045241833	0	0	0	56.1083908081055	0.365124583244324	47.1769027709961	0.184950545430183	4.37332439422607	https://cosmos08.osdinfra.net/cosmos/AWE.Prod/shares/relevance/ADX/Predictions/NFL/Johnson_David.jpg
2	Chris Johnson	Arizona Cardinals	RB	12.4511850148439	0	0	0	58.9694633483887	0.393675118684769	18.3089904785156	0.0477116331458092	2.07501912117004	https://cosmos08.osdinfra.net/cosmos/AWE.Prod/shares/relevance/ADX/Predictions/NFL/Johnson_Chris.jpg
2	Darren Fells	Arizona Cardinals	TE	7.1624588727951	0	0	0	0	0	33.0770454406738	0.207141935825348	2.61190271377563	https://cosmos08.osdinfra.net/cosmos/AWE.Prod/shares/relevance/ADX/Predictions/NFL/Fells_Darren.jpg
2	Jermaine Gresham	Arizona Cardinals	TE	6.6705007493496	0	0	0	0	0	29.8782768249512	0.191070213913918	2.53625178337097	https://cosmos08.osdinfra.net/cosmos/AWE.Prod/shares/relevance/ADX/Predictions/NFL/Gresham_Jermaine.jpg
2	Larry Fitzgerald	Arizona Cardinals	WR	16.4736020803452	0	0	0	0	0	78.1825103759766	0.535065710544586	5.44495677947998	https://cosmos08.osdinfra.net/cosmos/AWE.Prod/shares/relevance/ADX/Predictions/NFL/Fitzgerald_Larry.jpg
2	Michael Floyd	Arizona Cardinals	WR	12.2470643520355	0	0	0	0	0	59.5428085327148	0.380049109458923	4.0124888420105	https://cosmos08.osdinfra.net/cosmos/AWE.Prod/shares/relevance/ADX/Predictions/NFL/Floyd_Michael.jpg
2	Matt Ryan	Atlanta Falcons	QB	17.4670411789417	267.900634765625	1.40556693077087	0.869823455810547	12.0809421539307	0.131746217608452	0	0	0	https://cosmos08.osdinfra.net/cosmos/AWE.Prod/shares/relevance/ADX/Predictions/NFL/Ryan_Matt.jpg
2	Devonta Freeman	Atlanta Falcons	RB	15.0838202178478	0	0	0	52.9289360046387	0.307636231184006	34.5097274780273	0.130393490195274	3.71177554130554	https://cosmos08.osdinfra.net/cosmos/AWE.Prod/shares/relevance/ADX/Predictions/NFL/Freeman_Devonta.jpg
2	Tevin Coleman	Atlanta Falcons	RB	9.37259808927775	0	0	0	33.3174285888672	0.200358256697655	20.7220687866211	0.0539424829185009	2.44284391403198	https://cosmos08.osdinfra.net/cosmos/AWE.Prod/shares/relevance/ADX/Predictions/NFL/Coleman_Tevin.jpg
2	Jacob Tamme	Atlanta Falcons	TE	9.7458005309105	0	0	0	0	0	47.1892127990723	0.222116500139236	3.69418025016785	https://cosmos08.osdinfra.net/cosmos/AWE.Prod/shares/relevance/ADX/Predictions/NFL/Tamme_Jacob.jpg
2	Levine Toilolo	Atlanta Falcons	TE	6.77511146068573	0	0	0	0	0	31.4245548248291	0.174340188503265	2.58661484718323	https://cosmos08.osdinfra.net/cosmos/AWE.Prod/shares/relevance/ADX/Predictions/NFL/Toilolo_Levine.jpg
2	Julio Jones	Atlanta Falcons	WR	17.1040423154831	0	0	0	0	0	84.8806991577148	0.507717430591583	5.56966781616211	https://cosmos08.osdinfra.net/cosmos/AWE.Prod/shares/relevance/ADX/Predictions/NFL/Jones_Julio.jpg
2	Mohamed Sanu	Atlanta Falcons	WR	11.7357403516769	0	0	0	0	0	56.0997657775879	0.354333698749542	3.9997615814209	https://cosmos08.osdinfra.net/cosmos/AWE.Prod/shares/relevance/ADX/Predictions/NFL/Sanu_Mohamed.jpg
2	Joe Flacco	Baltimore Ravens	QB	18.4186414957047	265.5810546875	1.67626285552979	0.766187608242035	10.8473539352417	0.128633350133896	0	0	0	https://cosmos08.osdinfra.net/cosmos/AWE.Prod/shares/relevance/ADX/Predictions/NFL/Flacco_Joe.jpg
2	Justin Forsett	Baltimore Ravens	RB	11.8335961937904	0	0	0	48.5242538452148	0.321110218763351	19.9217376708984	0.0516672134399414	2.75233244895935	https://cosmos08.osdinfra.net/cosmos/AWE.Prod/shares/relevance/ADX/Predictions/NFL/Forsett_Justin.jpg
2	Terrance West	Baltimore Ravens	RB	9.13097996115684	0	0	0	36.6217155456543	0.188815742731094	18.2532730102539	0.0432461351156235	2.25110983848572	https://cosmos08.osdinfra.net/cosmos/AWE.Prod/shares/relevance/ADX/Predictions/NFL/West_Terrance.jpg
2	Maxx Williams	Baltimore Ravens	TE	8.75886766314507	0	0	0	0	0	40.0069351196289	0.235615566372871	3.34448075294495	https://cosmos08.osdinfra.net/cosmos/AWE.Prod/shares/relevance/ADX/Predictions/NFL/Williams_Maxx.jpg
2	Crockett Gillmore	Baltimore Ravens	TE	8.73996330499649	0	0	0	0	0	40.150463104248	0.260672062635422	3.16088461875916	https://cosmos08.osdinfra.net/cosmos/AWE.Prod/shares/relevance/ADX/Predictions/NFL/Gillmore_Crockett.jpg
2	Mike Wallace	Baltimore Ravens	WR	10.5275243878365	0	0	0	0	0	49.1930160522461	0.356716245412827	3.46792531013489	https://cosmos08.osdinfra.net/cosmos/AWE.Prod/shares/relevance/ADX/Predictions/NFL/Wallace_Mike.jpg
2	Tyrod Taylor	Buffalo Bills	QB	18.3890243589878	218.38134765625	1.21495044231415	0.764729857444763	40.8188972473145	0.246134802699089	0	0	0	https://cosmos08.osdinfra.net/cosmos/AWE.Prod/shares/relevance/ADX/Predictions/NFL/Taylor_Tyrod.jpg
2	LeSean McCoy	Buffalo Bills	RB	13.5803888827562	0	0	0	61.5677833557129	0.342596977949142	21.1557807922363	0.0870301946997643	2.73026943206787	https://cosmos08.osdinfra.net/cosmos/AWE.Prod/shares/relevance/ADX/Predictions/NFL/McCoy_LeSean.jpg
2	Reggie Bush	Buffalo Bills	RB	8.14351614117622	0	0	0	24.0272769927979	0.183168485760689	19.266731262207	0.092793196439743	2.15834522247314	https://cosmos08.osdinfra.net/cosmos/AWE.Prod/shares/relevance/ADX/Predictions/NFL/Bush_Reggie.jpg
2	Jerome Felton	Buffalo Bills	RB	7.44278125166894	0	0	0	20.1120758056641	0.173438370227814	17.8640289306641	0.0784630328416824	2.13376235961914	https://cosmos08.osdinfra.net/cosmos/AWE.Prod/shares/relevance/ADX/Predictions/NFL/Felton_Jerome.jpg
2	Charles Clay	Buffalo Bills	TE	10.2862198352814	0	0	0	0	0	47.9100036621094	0.303650379180908	3.67331719398499	https://cosmos08.osdinfra.net/cosmos/AWE.Prod/shares/relevance/ADX/Predictions/NFL/Clay_Charles.jpg
2	Jim Dray	Buffalo Bills	TE	6.11530108451843	0	0	0	0	0	27.2472877502441	0.190170168876648	2.24955129623413	https://cosmos08.osdinfra.net/cosmos/AWE.Prod/shares/relevance/ADX/Predictions/NFL/Dray_Jim.jpg
2	Sammy Watkins	Buffalo Bills	WR	16.1352756142616	0	0	0	0	0	78.2920761108398	0.470476001501083	5.48321199417114	https://cosmos08.osdinfra.net/cosmos/AWE.Prod/shares/relevance/ADX/Predictions/NFL/Watkins_Sammy.jpg
2	Robert Woods	Buffalo Bills	WR	8.75932233929634	0	0	0	0	0	40.3167381286621	0.211970373988152	3.45582628250122	https://cosmos08.osdinfra.net/cosmos/AWE.Prod/shares/relevance/ADX/Predictions/NFL/Woods_Robert.jpg
2	Cam Newton	Carolina Panthers	QB	19.9666604757309	241.194000244141	1.474329829216	0.778305768966675	32.4242401123047	0.326243817806244	0	0	0	https://cosmos08.osdinfra.net/cosmos/AWE.Prod/shares/relevance/ADX/Predictions/NFL/Newton_Cam.jpg
2	Jonathan Stewart	Carolina Panthers	RB	14.9746948510408	0	0	0	71.7552947998047	0.550265848636627	18.4800224304199	0.0730599090456963	2.21120858192444	https://cosmos08.osdinfra.net/cosmos/AWE.Prod/shares/relevance/ADX/Predictions/NFL/Stewart_Jonathan.jpg
2	Cameron Artis-Payne	Carolina Panthers	RB	8.77032593488694	0	0	0	32.6132125854492	0.210406079888344	17.0440139770508	0.0590124279260635	2.18809223175049	https://cosmos08.osdinfra.net/cosmos/AWE.Prod/shares/relevance/ADX/Predictions/NFL/Artis-Payne_Cameron.jpg
2	Mike Tolbert	Carolina Panthers	RB	7.8910199970007	0	0	0	24.9734439849854	0.159124657511711	18.1247596740723	0.0730599090456963	2.18809223175049	https://cosmos08.osdinfra.net/cosmos/AWE.Prod/shares/relevance/ADX/Predictions/NFL/Tolbert_Mike.jpg
2	Greg Olsen	Carolina Panthers	TE	12.9013777017593	0	0	0	0	0	61.1541404724121	0.332080543041229	4.79348039627075	https://cosmos08.osdinfra.net/cosmos/AWE.Prod/shares/relevance/ADX/Predictions/NFL/Olsen_Greg.jpg
2	Ed Dickson	Carolina Panthers	TE	5.92972647547721	0	0	0	0	0	23.9564170837402	0.189602926373482	2.3964672088623	https://cosmos08.osdinfra.net/cosmos/AWE.Prod/shares/relevance/ADX/Predictions/NFL/Dickson_Ed.jpg
2	Kelvin Benjamin	Carolina Panthers	WR	12.3287746787071	0	0	0	0	0	54.1872673034668	0.340388923883438	4.86771440505981	https://cosmos08.osdinfra.net/cosmos/AWE.Prod/shares/relevance/ADX/Predictions/NFL/Benjamin_Kelvin.jpg
2	Ted Ginn	Carolina Panthers	WR	9.03830823898315	0	0	0	0	0	42.195125579834	0.294806361198425	3.0499575138092	https://cosmos08.osdinfra.net/cosmos/AWE.Prod/shares/relevance/ADX/Predictions/NFL/Ginn_Ted.jpg
2	Jay Cutler	Chicago Bears	QB	16.2785626220703	249.179946899414	1.26958906650543	0.866108298301697	13.2538280487061	0.128955662250519	0	0	0	https://cosmos08.osdinfra.net/cosmos/AWE.Prod/shares/relevance/ADX/Predictions/NFL/Cutler_Jay.jpg
2	Jeremy Langford	Chicago Bears	RB	10.6675718411803	0	0	0	49.8754653930664	0.262742847204208	17.9283809661865	0.0489187873899937	2.01721739768982	https://cosmos08.osdinfra.net/cosmos/AWE.Prod/shares/relevance/ADX/Predictions/NFL/Langford_Jeremy.jpg
2	Ka'Deem Carey	Chicago Bears	RB	6.83472551107407	0	0	0	18.410572052002	0.156693339347839	18.3720283508301	0.0568458139896393	1.87523055076599	https://cosmos08.osdinfra.net/cosmos/AWE.Prod/shares/relevance/ADX/Predictions/NFL/Carey_Ka'Deem.jpg
2	Zach Miller	Chicago Bears	TE	9.43409163951874	0	0	0	0	0	43.6153144836426	0.25179535150528	3.5617880821228	https://cosmos08.osdinfra.net/cosmos/AWE.Prod/shares/relevance/ADX/Predictions/NFL/Miller_Zach.jpg
2	Alshon Jeffery	Chicago Bears	WR	13.9764970064163	0	0	0	0	0	68.3174819946289	0.388251483440399	4.81523990631104	https://cosmos08.osdinfra.net/cosmos/AWE.Prod/shares/relevance/ADX/Predictions/NFL/Jeffery_Alshon.jpg
2	Kevin White	Chicago Bears	WR	8.00187758803368	0	0	0	0	0	38.2518119812012	0.20841158926487	2.92622685432434	https://cosmos08.osdinfra.net/cosmos/AWE.Prod/shares/relevance/ADX/Predictions/NFL/White_Kevin.jpg
2	Andy Dalton	Cincinnati Bengals	QB	17.0688435721397	251.298095703125	1.41190385818481	0.836829125881195	14.2665452957153	0.129913151264191	0	0	0	https://cosmos08.osdinfra.net/cosmos/AWE.Prod/shares/relevance/ADX/Predictions/NFL/Dalton_Andy.jpg
2	Jeremy Hill	Cincinnati Bengals	RB	12.3190719231963	0	0	0	52.7976913452148	0.417874336242676	19.3978786468506	0.0510282851755619	2.28609919548035	https://cosmos08.osdinfra.net/cosmos/AWE.Prod/shares/relevance/ADX/Predictions/NFL/Hill_Jeremy.jpg
2	Giovani Bernard	Cincinnati Bengals	RB	10.8913431257009	0	0	0	32.6158752441406	0.185606464743614	28.0103969573975	0.121601931750774	2.98546552658081	https://cosmos08.osdinfra.net/cosmos/AWE.Prod/shares/relevance/ADX/Predictions/NFL/Bernard_Giovani.jpg
2	Tyler Kroft	Cincinnati Bengals	TE	7.56214410662651	0	0	0	0	0	35.7025299072266	0.18353970348835	2.89065289497375	https://cosmos08.osdinfra.net/cosmos/AWE.Prod/shares/relevance/ADX/Predictions/NFL/Kroft_Tyler.jpg
2	A.J. Green	Cincinnati Bengals	WR	15.5581958770752	0	0	0	0	0	74.3661575317383	0.461560249328613	5.35221862792969	https://cosmos08.osdinfra.net/cosmos/AWE.Prod/shares/relevance/ADX/Predictions/NFL/Green_A.J..jpg
2	Brandon LaFell	Cincinnati Bengals	WR	13.252899479866	0	0	0	0	0	64.5838088989258	0.381822049617767	4.50358629226685	https://cosmos08.osdinfra.net/cosmos/AWE.Prod/shares/relevance/ADX/Predictions/NFL/LaFell_Brandon.jpg
2	Josh McCown	Cleveland Browns	QB	16.4707007020712	241.386795043945	1.36387944221497	0.743890821933746	14.1636524200439	0.114539451897144	0	0	0	https://cosmos08.osdinfra.net/cosmos/AWE.Prod/shares/relevance/ADX/Predictions/NFL/McCown_Josh.jpg
2	Isaiah Crowell	Cleveland Browns	RB	11.9056913360953	0	0	0	59.2939109802246	0.350308686494827	16.4184913635254	0.031203780323267	2.04537630081177	https://cosmos08.osdinfra.net/cosmos/AWE.Prod/shares/relevance/ADX/Predictions/NFL/Crowell_Isaiah.jpg
2	Duke Johnson	Cleveland Browns	RB	11.0955211043358	0	0	0	34.1948051452637	0.201617330312729	24.9003410339355	0.109930336475372	3.31672048568726	https://cosmos08.osdinfra.net/cosmos/AWE.Prod/shares/relevance/ADX/Predictions/NFL/Johnson_Duke.jpg
2	Gary Barnidge	Cleveland Browns	TE	12.8156896591186	0	0	0	0	0	60.7681427001953	0.311101198196411	4.87226819992065	https://cosmos08.osdinfra.net/cosmos/AWE.Prod/shares/relevance/ADX/Predictions/NFL/Barnidge_Gary.jpg
2	Randall Telfer	Cleveland Browns	TE	5.80724804997444	0	0	0	0	0	25.6824817657471	0.167941853404045	2.23134875297546	https://cosmos08.osdinfra.net/cosmos/AWE.Prod/shares/relevance/ADX/Predictions/NFL/Telfer_Randall.jpg
2	Corey Coleman	Cleveland Browns	WR	7.9905519425869	0	0	0	0	0	39.6904220581055	0.206592932343483	2.78195214271545	https://cosmos08.osdinfra.net/cosmos/AWE.Prod/shares/relevance/ADX/Predictions/NFL/Coleman_Corey.jpg
2	Dak Prescott	Dallas Cowboys	QB	15.3908743822575	229.802185058594	1.07510411739349	0.782439947128296	17.9213962554932	0.148111805319786	0	0	0	https://cosmos08.osdinfra.net/cosmos/AWE.Prod/shares/relevance/ADX/Predictions/NFL/Prescott_Dak.jpg
2	Ezekiel Elliott	Dallas Cowboys	RB	12.2831677734852	0	0	0	55.5879554748535	0.301104784011841	20.6123428344727	0.0783907622098923	2.38616466522217	https://cosmos08.osdinfra.net/cosmos/AWE.Prod/shares/relevance/ADX/Predictions/NFL/Elliott_Ezekiel.jpg
2	Alfred Morris	Dallas Cowboys	RB	9.87650229036807	0	0	0	33.5595588684082	0.23136892914772	21.5602989196777	0.0890607163310051	2.44193863868713	https://cosmos08.osdinfra.net/cosmos/AWE.Prod/shares/relevance/ADX/Predictions/NFL/Morris_Alfred.jpg
2	Jason Witten	Dallas Cowboys	TE	10.472865074873	0	0	0	0	0	47.2967529296875	0.231809452176094	4.35233306884766	https://cosmos08.osdinfra.net/cosmos/AWE.Prod/shares/relevance/ADX/Predictions/NFL/Witten_Jason.jpg
2	Geoff Swaim	Dallas Cowboys	TE	6.88823424577713	0	0	0	0	0	31.6435413360596	0.170173615217209	2.70283842086792	https://cosmos08.osdinfra.net/cosmos/AWE.Prod/shares/relevance/ADX/Predictions/NFL/Swaim_Geoff.jpg
2	Terrance Williams	Dallas Cowboys	WR	11.3156102538109	0	0	0	0	0	56.7432441711426	0.303142935037613	3.82242822647095	https://cosmos08.osdinfra.net/cosmos/AWE.Prod/shares/relevance/ADX/Predictions/NFL/Williams_Terrance.jpg
2	Dez Bryant	Dallas Cowboys	WR	8.55299002528191	0	0	0	0	0	39.6890983581543	0.220250561833382	3.26257681846619	https://cosmos08.osdinfra.net/cosmos/AWE.Prod/shares/relevance/ADX/Predictions/NFL/Bryant_Dez.jpg
2	Trevor Siemian	Denver Broncos	QB	12.245616710186	158.369827270508	1.06822299957275	0.682683229446411	14.6855697631836	0.142009645700455	0	0	0	https://cosmos08.osdinfra.net/cosmos/AWE.Prod/shares/relevance/ADX/Predictions/NFL/Siemian_Trevor.jpg
2	C.J. Anderson	Denver Broncos	RB	15.5671798408031	0	0	0	73.1822204589844	0.553070604801178	20.2799911499023	0.0786402374505997	2.43069362640381	https://cosmos08.osdinfra.net/cosmos/AWE.Prod/shares/relevance/ADX/Predictions/NFL/Anderson_C.J..jpg
2	Devontae Booker	Denver Broncos	RB	7.52428896427155	0	0	0	18.915678024292	0.169747322797775	18.8767108917236	0.102690786123276	2.11042141914368	https://cosmos08.osdinfra.net/cosmos/AWE.Prod/shares/relevance/ADX/Predictions/NFL/Booker_Devontae.jpg
2	Jeff Heuerman	Denver Broncos	TE	6.17014367580413	0	0	0	0	0	26.7229480743408	0.222321808338165	2.16391801834106	https://cosmos08.osdinfra.net/cosmos/AWE.Prod/shares/relevance/ADX/Predictions/NFL/Heuerman_Jeff.jpg
2	Emmanuel Sanders	Denver Broncos	WR	14.2049829959869	0	0	0	0	0	65.1918411254883	0.453433156013489	4.96519994735718	https://cosmos08.osdinfra.net/cosmos/AWE.Prod/shares/relevance/ADX/Predictions/NFL/Sanders_Emmanuel.jpg
2	Demaryius Thomas	Denver Broncos	WR	12.1190933823586	0	0	0	0	0	57.1647300720215	0.358185857534409	4.25350522994995	https://cosmos08.osdinfra.net/cosmos/AWE.Prod/shares/relevance/ADX/Predictions/NFL/Thomas_Demaryius.jpg
2	Matthew Stafford	Detroit Lions	QB	21.4245130383968	294.4619140625	2.02925324440002	0.739725947380066	14.3742084503174	0.138554766774178	0	0	0	https://cosmos08.osdinfra.net/cosmos/AWE.Prod/shares/relevance/ADX/Predictions/NFL/Stafford_Matthew.jpg
2	Theo Riddick	Detroit Lions	RB	13.4902141392231	0	0	0	24.0459594726563	0.163381308317184	44.5905914306641	0.172892168164253	4.60891819000244	https://cosmos08.osdinfra.net/cosmos/AWE.Prod/shares/relevance/ADX/Predictions/NFL/Riddick_Theo.jpg
2	Ameer Abdullah	Detroit Lions	RB	11.6049015551805	0	0	0	42.0312385559082	0.31258949637413	22.1304130554199	0.0945133194327354	2.74611949920654	https://cosmos08.osdinfra.net/cosmos/AWE.Prod/shares/relevance/ADX/Predictions/NFL/Abdullah_Ameer.jpg
2	Eric Ebron	Detroit Lions	TE	10.9471201062202	0	0	0	0	0	50.8510932922363	0.326047629117966	3.90572500228882	https://cosmos08.osdinfra.net/cosmos/AWE.Prod/shares/relevance/ADX/Predictions/NFL/Ebron_Eric.jpg
2	Cole Wick	Detroit Lions	TE	6.21677268743515	0	0	0	0	0	26.6047496795654	0.211433559656143	2.28769636154175	https://cosmos08.osdinfra.net/cosmos/AWE.Prod/shares/relevance/ADX/Predictions/NFL/Wick_Cole.jpg
2	Golden Tate	Detroit Lions	WR	13.4968378901482	0	0	0	0	0	57.6526985168457	0.399320870637894	5.33564281463623	https://cosmos08.osdinfra.net/cosmos/AWE.Prod/shares/relevance/ADX/Predictions/NFL/Tate_Golden.jpg
2	Marvin Jones	Detroit Lions	WR	11.099434697628	0	0	0	0	0	53.9819183349609	0.352306753396988	3.58740234375	https://cosmos08.osdinfra.net/cosmos/AWE.Prod/shares/relevance/ADX/Predictions/NFL/Jones_Marvin.jpg
2	Aaron Rodgers	Green Bay Packers	QB	16.7554783022403	236.17170715332	1.53486573696136	0.912185251712799	13.4331026077271	0.123003676533699	0	0	0	https://cosmos08.osdinfra.net/cosmos/AWE.Prod/shares/relevance/ADX/Predictions/NFL/Rodgers_Aaron.jpg
2	Eddie Lacy	Green Bay Packers	RB	12.1073588639498	0	0	0	50.7822341918945	0.329908043146133	21.1335315704346	0.0922382101416588	2.38290476799011	https://cosmos08.osdinfra.net/cosmos/AWE.Prod/shares/relevance/ADX/Predictions/NFL/Lacy_Eddie.jpg
2	James Starks	Green Bay Packers	RB	8.86906900852918	0	0	0	33.6014137268066	0.173660531640053	17.6727867126465	0.0569122172892094	2.3582124710083	https://cosmos08.osdinfra.net/cosmos/AWE.Prod/shares/relevance/ADX/Predictions/NFL/Starks_James.jpg
2	Richard Rodgers	Green Bay Packers	TE	7.993302410841	0	0	0	0	0	35.6294975280762	0.217322424054146	3.1264181137085	https://cosmos08.osdinfra.net/cosmos/AWE.Prod/shares/relevance/ADX/Predictions/NFL/Rodgers_Richard.jpg
2	Jared Cook	Green Bay Packers	TE	6.28899015188217	0	0	0	0	0	28.3069248199463	0.187035471200943	2.33608484268188	https://cosmos08.osdinfra.net/cosmos/AWE.Prod/shares/relevance/ADX/Predictions/NFL/Cook_Jared.jpg
2	Jordy Nelson	Green Bay Packers	WR	14.4741918087006	0	0	0	0	0	70.0931396484375	0.353256344795227	5.34533977508545	https://cosmos08.osdinfra.net/cosmos/AWE.Prod/shares/relevance/ADX/Predictions/NFL/Nelson_Jordy.jpg
2	Randall Cobb	Green Bay Packers	WR	10.2705284953117	0	0	0	0	0	45.076847076416	0.2540662586689	4.23844623565674	https://cosmos08.osdinfra.net/cosmos/AWE.Prod/shares/relevance/ADX/Predictions/NFL/Cobb_Randall.jpg
2	Brock Osweiler	Houston Texans	QB	16.1067568635941	228.316787719727	1.31216490268707	0.927683770656586	17.6944198608398	0.147277921438217	0	0	0	https://cosmos08.osdinfra.net/cosmos/AWE.Prod/shares/relevance/ADX/Predictions/NFL/Osweiler_Brock.jpg
2	Lamar Miller	Houston Texans	RB	14.3533459573984	0	0	0	65.4840545654297	0.283748179674149	21.7641201019287	0.0938107892870903	3.36317467689514	https://cosmos08.osdinfra.net/cosmos/AWE.Prod/shares/relevance/ADX/Predictions/NFL/Miller_Lamar.jpg
2	Alfred Blue	Houston Texans	RB	11.8108669817448	0	0	0	60.3342971801758	0.306801795959473	16.7122783660889	0.065063402056694	1.8750182390213	https://cosmos08.osdinfra.net/cosmos/AWE.Prod/shares/relevance/ADX/Predictions/NFL/Blue_Alfred.jpg
2	C.J. Fiedorowicz	Houston Texans	TE	4.8263793349266	0	0	0	0	0	19.5346984863281	0.159755676984787	1.91437542438507	https://cosmos08.osdinfra.net/cosmos/AWE.Prod/shares/relevance/ADX/Predictions/NFL/Fiedorowicz_CJ.jpg
2	Will Fuller	Houston Texans	WR	13.8951950788498	0	0	0	0	0	67.2787780761719	0.428259432315826	4.59776067733765	https://cosmos08.osdinfra.net/cosmos/AWE.Prod/shares/relevance/ADX/Predictions/NFL/Fuller_Will.jpg
2	DeAndre Hopkins	Houston Texans	WR	13.7935740828514	0	0	0	0	0	61.3791542053223	0.398641020059586	5.26381254196167	https://cosmos08.osdinfra.net/cosmos/AWE.Prod/shares/relevance/ADX/Predictions/NFL/Hopkins_DeAndre.jpg
2	Andrew Luck	Indianapolis Colts	QB	18.2894850146771	264.457977294922	1.4106822013855	0.875688493251801	20.8714275360107	0.142830476164818	0	0	0	https://cosmos08.osdinfra.net/cosmos/AWE.Prod/shares/relevance/ADX/Predictions/NFL/Luck_Andrew.jpg
2	Frank Gore	Indianapolis Colts	RB	12.8956919878721	0	0	0	57.2832260131836	0.32580104470253	21.9175777435303	0.0766421929001808	2.56095218658447	https://cosmos08.osdinfra.net/cosmos/AWE.Prod/shares/relevance/ADX/Predictions/NFL/Gore_Frank.jpg
2	Robert Turbin	Indianapolis Colts	RB	8.96675696074963	0	0	0	29.3900413513184	0.166201025247574	20.5035247802734	0.0820905938744545	2.48765063285828	https://cosmos08.osdinfra.net/cosmos/AWE.Prod/shares/relevance/ADX/Predictions/NFL/Turbin_Robert.jpg
2	Dwayne Allen	Indianapolis Colts	TE	7.55057086348534	0	0	0	0	0	34.522102355957	0.180390134453774	3.01601982116699	https://cosmos08.osdinfra.net/cosmos/AWE.Prod/shares/relevance/ADX/Predictions/NFL/Allen_Dwayne.jpg
2	Jack Doyle	Indianapolis Colts	TE	7.01629710793495	0	0	0	0	0	30.3477630615234	0.198874577879906	2.78827333450317	https://cosmos08.osdinfra.net/cosmos/AWE.Prod/shares/relevance/ADX/Predictions/NFL/Doyle_Jack.jpg
2	T.Y. Hilton	Indianapolis Colts	WR	11.0514184832573	0	0	0	0	0	53.1121253967285	0.30185666680336	3.92906594276428	https://cosmos08.osdinfra.net/cosmos/AWE.Prod/shares/relevance/ADX/Predictions/NFL/Hilton_TY.jpg
2	Donte Moncrief	Indianapolis Colts	WR	8.61100844740868	0	0	0	0	0	40.7607002258301	0.203295484185219	3.31516551971436	https://cosmos08.osdinfra.net/cosmos/AWE.Prod/shares/relevance/ADX/Predictions/NFL/Moncrief_Donte.jpg
2	Blake Bortles	Jacksonville Jaguars	QB	20.7034356760979	289.566528320313	1.8434944152832	0.768900573253632	15.8257303237915	0.155520737171173	0	0	0	https://cosmos08.osdinfra.net/cosmos/AWE.Prod/shares/relevance/ADX/Predictions/NFL/Bortles_Blake.jpg
2	T.J. Yeldon	Jacksonville Jaguars	RB	15.1194699108601	0	0	0	55.2910423278809	0.336175531148911	31.5438842773438	0.164791539311409	3.43017482757568	https://cosmos08.osdinfra.net/cosmos/AWE.Prod/shares/relevance/ADX/Predictions/NFL/Yeldon_T.J..jpg
2	Chris Ivory	Jacksonville Jaguars	RB	9.53435760438443	0	0	0	31.2671642303467	0.183715328574181	22.0784034729004	0.0900367423892021	2.55728840827942	https://cosmos08.osdinfra.net/cosmos/AWE.Prod/shares/relevance/ADX/Predictions/NFL/Ivory_Chris.jpg
2	Julius Thomas	Jacksonville Jaguars	TE	11.1966065406799	0	0	0	0	0	55.1025619506836	0.306197166442871	3.84916734695435	https://cosmos08.osdinfra.net/cosmos/AWE.Prod/shares/relevance/ADX/Predictions/NFL/Thomas_Julius.jpg
2	Marcedes Lewis	Jacksonville Jaguars	TE	8.12576814889908	0	0	0	0	0	38.3424224853516	0.256178587675095	2.75445437431335	https://cosmos08.osdinfra.net/cosmos/AWE.Prod/shares/relevance/ADX/Predictions/NFL/Lewis_Marcedes.jpg
2	Allen Robinson	Jacksonville Jaguars	WR	14.5265187621117	0	0	0	0	0	69.8831939697266	0.491513878107071	4.58911609649658	https://cosmos08.osdinfra.net/cosmos/AWE.Prod/shares/relevance/ADX/Predictions/NFL/Robinson_Allen.jpg
2	Allen Hurns	Jacksonville Jaguars	WR	13.7373947739601	0	0	0	0	0	65.7001724243164	0.446907132863998	4.48593473434448	https://cosmos08.osdinfra.net/cosmos/AWE.Prod/shares/relevance/ADX/Predictions/NFL/Hurns_Allen.jpg
2	Alex Smith	Kansas City Chiefs	QB	20.2586480295658	246.353515625	1.68213522434235	0.782030403614044	34.0607414245605	0.175320461392403	0	0	0	https://cosmos08.osdinfra.net/cosmos/AWE.Prod/shares/relevance/ADX/Predictions/NFL/Smith_Alex.jpg
2	Jamaal Charles	Kansas City Chiefs	RB	15.9065369904041	0	0	0	49.9166679382324	0.411135107278824	35.9839096069336	0.187464132905006	3.72488379478455	https://cosmos08.osdinfra.net/cosmos/AWE.Prod/shares/relevance/ADX/Predictions/NFL/Charles_Jamaal.jpg
2	Spencer Ware	Kansas City Chiefs	RB	11.0806486964226	0	0	0	45.1399116516113	0.352052688598633	19.6547393798828	0.0557914078235626	2.15411901473999	https://cosmos08.osdinfra.net/cosmos/AWE.Prod/shares/relevance/ADX/Predictions/NFL/Ware_Spencer.jpg
2	Anthony Sherman	Kansas City Chiefs	RB	7.29432998895644	0	0	0	15.8235559463501	0.165838673710823	20.4037590026855	0.0839703232049942	2.17274451255798	https://cosmos08.osdinfra.net/cosmos/AWE.Prod/shares/relevance/ADX/Predictions/NFL/Sherman_Anthony.jpg
2	Travis Kelce	Kansas City Chiefs	TE	13.4713170051575	0	0	0	0	0	61.8676490783691	0.39379358291626	4.921790599823	https://cosmos08.osdinfra.net/cosmos/AWE.Prod/shares/relevance/ADX/Predictions/NFL/Kelce_Travis.jpg
2	Demetrius Harris	Kansas City Chiefs	TE	6.68706999421119	0	0	0	0	0	31.4964218139648	0.19229744374752	2.38364315032959	https://cosmos08.osdinfra.net/cosmos/AWE.Prod/shares/relevance/ADX/Predictions/NFL/Harris_Demetrius.jpg
2	Jeremy Maclin	Kansas City Chiefs	WR	10.8130274534225	0	0	0	0	0	47.2092170715332	0.372005164623261	3.86007475852966	https://cosmos08.osdinfra.net/cosmos/AWE.Prod/shares/relevance/ADX/Predictions/NFL/Maclin_Jeremy.jpg
2	Chris Conley	Kansas City Chiefs	WR	7.73134580254555	0	0	0	0	0	34.2135047912598	0.222395405173302	2.97562289237976	https://cosmos08.osdinfra.net/cosmos/AWE.Prod/shares/relevance/ADX/Predictions/NFL/Conley_Chris.jpg
2	Case Keenum	Los Angeles Rams	QB	12.6025652122497	189.472015380859	1.02619898319244	0.897628784179688	10.846076965332	0.121984958648682	0	0	0	https://cosmos08.osdinfra.net/cosmos/AWE.Prod/shares/relevance/ADX/Predictions/NFL/Keenum_Case.jpg
2	Todd Gurley	Los Angeles Rams	RB	12.641236205399	0	0	0	61.3121681213379	0.421836137771606	16.7632427215576	0.0401942245662212	2.06151294708252	https://cosmos08.osdinfra.net/cosmos/AWE.Prod/shares/relevance/ADX/Predictions/NFL/Gurley_Todd.jpg
2	Benny Cunningham	Los Angeles Rams	RB	7.10803456902504	0	0	0	18.2731609344482	0.137890994548798	18.2107067108154	0.0510396212339401	2.32606410980225	https://cosmos08.osdinfra.net/cosmos/AWE.Prod/shares/relevance/ADX/Predictions/NFL/Cunningham_Benny.jpg
2	Lance Kendricks	Los Angeles Rams	TE	7.05949475169181	0	0	0	0	0	32.8931503295898	0.16670985519886	2.76992058753967	https://cosmos08.osdinfra.net/cosmos/AWE.Prod/shares/relevance/ADX/Predictions/NFL/Kendricks_Lance.jpg
2	Tyler Higbee	Los Angeles Rams	TE	5.31336512565612	0	0	0	0	0	22.8326549530029	0.147720098495483	2.14377903938293	https://cosmos08.osdinfra.net/cosmos/AWE.Prod/shares/relevance/ADX/Predictions/NFL/Higbee_Tyler.jpg
2	Kenny Britt	Los Angeles Rams	WR	9.25944073200226	0	0	0	0	0	46.6147918701172	0.242502391338348	3.14294719696045	https://cosmos08.osdinfra.net/cosmos/AWE.Prod/shares/relevance/ADX/Predictions/NFL/Britt_Kenny.jpg
2	Tavon Austin	Los Angeles Rams	WR	7.87091527581215	0	0	0	0	0	35.3852577209473	0.218844160437584	3.01932454109192	https://cosmos08.osdinfra.net/cosmos/AWE.Prod/shares/relevance/ADX/Predictions/NFL/Austin_Tavon.jpg
2	Ryan Tannehill	Miami Dolphins	QB	17.4855709588528	250.088409423828	1.46073925495148	0.843414306640625	14.8777561187744	0.165786042809486	0	0	0	https://cosmos08.osdinfra.net/cosmos/AWE.Prod/shares/relevance/ADX/Predictions/NFL/Tannehill_Ryan.jpg
2	Arian Foster	Miami Dolphins	RB	13.725542640686	0	0	0	43.7192649841309	0.26505771279335	36.8821563720703	0.151810854673386	3.1641891002655	https://cosmos08.osdinfra.net/cosmos/AWE.Prod/shares/relevance/ADX/Predictions/NFL/Foster_Arian.jpg
2	Jay Ajayi	Miami Dolphins	RB	8.6401794180274	0	0	0	30.872802734375	0.177555575966835	19.033842086792	0.0421526320278645	2.3312656879425	https://cosmos08.osdinfra.net/cosmos/AWE.Prod/shares/relevance/ADX/Predictions/NFL/Ajayi_Jay.jpg
2	Jordan Cameron	Miami Dolphins	TE	7.15836222767831	0	0	0	0	0	32.4750022888184	0.171018525958061	2.8847508430481	https://cosmos08.osdinfra.net/cosmos/AWE.Prod/shares/relevance/ADX/Predictions/NFL/Cameron_Jordan.jpg
2	Dion Sims	Miami Dolphins	TE	6.86895725727081	0	0	0	0	0	30.7519779205322	0.173701345920563	2.75155138969421	https://cosmos08.osdinfra.net/cosmos/AWE.Prod/shares/relevance/ADX/Predictions/NFL/Sims_Dion.jpg
2	Jarvis Landry	Miami Dolphins	WR	15.2518273949623	0	0	0	0	0	68.9133987426758	0.422690957784653	5.82434177398682	https://cosmos08.osdinfra.net/cosmos/AWE.Prod/shares/relevance/ADX/Predictions/NFL/Landry_Jarvis.jpg
2	Kenny Stills	Miami Dolphins	WR	7.71905485391617	0	0	0	0	0	35.757194519043	0.196793168783188	2.96257638931274	https://cosmos08.osdinfra.net/cosmos/AWE.Prod/shares/relevance/ADX/Predictions/NFL/Stills_Kenny.jpg
2	Adrian Peterson	Minnesota Vikings	RB	12.462514013052	0	0	0	61.0518226623535	0.364251106977463	17.3845806121826	0.060371920466423	2.07113552093506	https://cosmos08.osdinfra.net/cosmos/AWE.Prod/shares/relevance/ADX/Predictions/NFL/Peterson_Adrian.jpg
2	Jerick McKinnon	Minnesota Vikings	RB	9.81560953259467	0	0	0	27.0203495025635	0.195528447628021	23.7238388061523	0.107735618948936	2.92160630226135	https://cosmos08.osdinfra.net/cosmos/AWE.Prod/shares/relevance/ADX/Predictions/NFL/McKinnon_Jerick.jpg
2	Kyle Rudolph	Minnesota Vikings	TE	9.71535454988479	0	0	0	0	0	46.3896827697754	0.261395901441574	3.50801086425781	https://cosmos08.osdinfra.net/cosmos/AWE.Prod/shares/relevance/ADX/Predictions/NFL/Rudolph_Kyle.jpg
2	MyCole Pruitt	Minnesota Vikings	TE	5.57211279273033	0	0	0	0	0	23.6394348144531	0.183685913681984	2.10605382919312	https://cosmos08.osdinfra.net/cosmos/AWE.Prod/shares/relevance/ADX/Predictions/NFL/Pruitt_MyCole.jpg
2	Stefon Diggs	Minnesota Vikings	WR	9.97844897508621	0	0	0	0	0	45.3499298095703	0.273239344358444	3.80401992797852	https://cosmos08.osdinfra.net/cosmos/AWE.Prod/shares/relevance/ADX/Predictions/NFL/Diggs_Stefon.jpg
2	Charles Johnson	Minnesota Vikings	WR	6.52995866537094	0	0	0	0	0	30.2243900299072	0.20942035317421	2.25099754333496	https://cosmos08.osdinfra.net/cosmos/AWE.Prod/shares/relevance/ADX/Predictions/NFL/Johnson_Charles.jpg
2	Jimmy Garoppolo	New England Patriots	QB	7.55189882397652	98.9065093994141	0.563679099082947	0.55943375825882	11.1513795852661	0.130869641900063	0	0	0	https://cosmos08.osdinfra.net/cosmos/AWE.Prod/shares/relevance/ADX/Predictions/NFL/Garoppolo_Jimmy.jpg
2	James White	New England Patriots	RB	11.5556987226009	0	0	0	17.3222045898438	0.158755496144295	37.9775733947754	0.18908029794693	3.93870615959167	https://cosmos08.osdinfra.net/cosmos/AWE.Prod/shares/relevance/ADX/Predictions/NFL/White_James.jpg
2	LeGarrette Blount	New England Patriots	RB	11.0482654869556	0	0	0	50.8533592224121	0.35055074095726	16.7166404724121	0.0393244177103043	1.95201456546783	https://cosmos08.osdinfra.net/cosmos/AWE.Prod/shares/relevance/ADX/Predictions/NFL/Blount_LeGarrette.jpg
2	James Develin	New England Patriots	RB	6.67655855119228	0	0	0	12.7999410629272	0.161040917038918	18.5845813751221	0.0783322677016258	2.10186719894409	https://cosmos08.osdinfra.net/cosmos/AWE.Prod/shares/relevance/ADX/Predictions/NFL/Develin_James.jpg
2	Rob Gronkowski	New England Patriots	TE	15.1931394100189	0	0	0	0	0	70.2996215820313	0.470457434654236	5.34043264389038	https://cosmos08.osdinfra.net/cosmos/AWE.Prod/shares/relevance/ADX/Predictions/NFL/Gronkowski_Rob.jpg
2	Martellus Bennett	New England Patriots	TE	7.22766906023026	0	0	0	0	0	31.0428333282471	0.218646615743637	2.81150603294373	https://cosmos08.osdinfra.net/cosmos/AWE.Prod/shares/relevance/ADX/Predictions/NFL/Bennett_Martellus.jpg
2	Julian Edelman	New England Patriots	WR	15.8224349737167	0	0	0	0	0	70.8994216918945	0.487570345401764	5.8070707321167	https://cosmos08.osdinfra.net/cosmos/AWE.Prod/shares/relevance/ADX/Predictions/NFL/Edelman_Julian.jpg
2	Chris Hogan	New England Patriots	WR	9.7548724770546	0	0	0	0	0	46.7776260375977	0.302378982305527	3.26283597946167	https://cosmos08.osdinfra.net/cosmos/AWE.Prod/shares/relevance/ADX/Predictions/NFL/Hogan_Chris.jpg
2	Drew Brees	New Orleans Saints	QB	22.2320023977756	304.967742919922	2.201171875	0.747363150119781	11.9796562194824	0.129667118191719	0	0	0	https://cosmos08.osdinfra.net/cosmos/AWE.Prod/shares/relevance/ADX/Predictions/NFL/Brees_Drew.jpg
2	Mark Ingram	New Orleans Saints	RB	14.9944414973259	0	0	0	55.304313659668	0.350276291370392	30.0136775970459	0.124512523412704	3.61390948295593	https://cosmos08.osdinfra.net/cosmos/AWE.Prod/shares/relevance/ADX/Predictions/NFL/Ingram_Mark.jpg
2	Coby Fleener	New Orleans Saints	TE	7.76942666172981	0	0	0	0	0	35.6842498779297	0.201031729578972	2.99481129646301	https://cosmos08.osdinfra.net/cosmos/AWE.Prod/shares/relevance/ADX/Predictions/NFL/Fleener_Coby.jpg
2	Josh Hill	New Orleans Saints	TE	7.2816242992878	0	0	0	0	0	32.8856773376465	0.20609287917614	2.75649929046631	https://cosmos08.osdinfra.net/cosmos/AWE.Prod/shares/relevance/ADX/Predictions/NFL/Hill_Josh.jpg
2	Willie Snead	New Orleans Saints	WR	15.8153676152229	0	0	0	0	0	78.1156311035156	0.455699890851974	5.26960515975952	https://cosmos08.osdinfra.net/cosmos/AWE.Prod/shares/relevance/ADX/Predictions/NFL/Snead_Willie.jpg
2	Brandin Cooks	New Orleans Saints	WR	14.9168430089951	0	0	0	0	0	71.6279907226563	0.434625923633575	5.14628839492798	https://cosmos08.osdinfra.net/cosmos/AWE.Prod/shares/relevance/ADX/Predictions/NFL/Cooks_Brandin.png
2	Eli Manning	New York Giants	QB	20.7216471791268	284.921112060547	2.02831840515137	0.732395768165588	11.178879737854	0.137672811746597	0	0	0	https://cosmos08.osdinfra.net/cosmos/AWE.Prod/shares/relevance/ADX/Predictions/NFL/Manning_Eli.jpg
2	Rashad Jennings	New York Giants	RB	14.9472828000784	0	0	0	72.3877639770508	0.456300497055054	21.3422508239746	0.06500194221735	2.44646668434143	https://cosmos08.osdinfra.net/cosmos/AWE.Prod/shares/relevance/ADX/Predictions/NFL/Jennings_Rashad.jpg
2	Shane Vereen	New York Giants	RB	11.3618185222149	0	0	0	20.6007137298584	0.174252673983574	36.0543594360352	0.150395542383194	3.74842190742493	https://cosmos08.osdinfra.net/cosmos/AWE.Prod/shares/relevance/ADX/Predictions/NFL/Vereen_Shane.jpg
2	Will Tye	New York Giants	TE	11.4791890621185	0	0	0	0	0	53.345874786377	0.365236878395081	3.95318031311035	https://cosmos08.osdinfra.net/cosmos/AWE.Prod/shares/relevance/ADX/Predictions/NFL/Tye_Will.jpg
2	Larry Donnell	New York Giants	TE	8.76885928511619	0	0	0	0	0	41.3778381347656	0.226743593811989	3.2706139087677	https://cosmos08.osdinfra.net/cosmos/AWE.Prod/shares/relevance/ADX/Predictions/NFL/Donnell_Larry.jpg
2	Odell Beckham	New York Giants	WR	18.3083075046539	0	0	0	0	0	93.0640563964844	0.64740002155304	5.11750173568726	https://cosmos08.osdinfra.net/cosmos/AWE.Prod/shares/relevance/ADX/Predictions/NFL/Beckham_Odell.jpg
2	Sterling Shepard	New York Giants	WR	9.05332748889924	0	0	0	0	0	42.7907638549805	0.261110842227936	3.20758605003357	https://cosmos08.osdinfra.net/cosmos/AWE.Prod/shares/relevance/ADX/Predictions/NFL/Shepard_Sterling.jpg
2	Ryan Fitzpatrick	New York Jets	QB	16.6810660016537	247.673690795898	1.29260885715485	0.80510139465332	16.5190849304199	0.126145973801613	0	0	0	https://cosmos08.osdinfra.net/cosmos/AWE.Prod/shares/relevance/ADX/Predictions/NFL/Fitzpatrick_Ryan.jpg
2	Matt Forte	New York Jets	RB	14.2943699389696	0	0	0	52.6257133483887	0.267273604869843	33.4083824157715	0.123539499938488	3.34608173370361	https://cosmos08.osdinfra.net/cosmos/AWE.Prod/shares/relevance/ADX/Predictions/NFL/Forte_Matt.jpg
2	Bilal Powell	New York Jets	RB	14.2766902327538	0	0	0	34.9424476623535	0.207222238183022	42.5679168701172	0.140898361802101	4.43693017959595	https://cosmos08.osdinfra.net/cosmos/AWE.Prod/shares/relevance/ADX/Predictions/NFL/Powell_Bilal.jpg
2	Kellen Davis	New York Jets	TE	6.34499621987343	0	0	0	0	0	29.6313438415527	0.158093556761742	2.43330049514771	https://cosmos08.osdinfra.net/cosmos/AWE.Prod/shares/relevance/ADX/Predictions/NFL/Davis_Kellen.png
2	Brandon Marshall	New York Jets	WR	15.4492465019226	0	0	0	0	0	76.5078506469727	0.439193487167358	5.16330051422119	https://cosmos08.osdinfra.net/cosmos/AWE.Prod/shares/relevance/ADX/Predictions/NFL/Marshall_Brandon.jpg
2	Eric Decker	New York Jets	WR	13.2836675286293	0	0	0	0	0	62.7070083618164	0.359741777181625	4.85451602935791	https://cosmos08.osdinfra.net/cosmos/AWE.Prod/shares/relevance/ADX/Predictions/NFL/Decker_Eric.jpg
2	Derek Carr	Oakland Raiders	QB	18.6519800746441	255.638214111328	1.73529100418091	0.723373234272003	14.4532308578491	0.127222940325737	0	0	0	https://cosmos08.osdinfra.net/cosmos/AWE.Prod/shares/relevance/ADX/Predictions/NFL/Carr_Derek.jpg
2	Latavius Murray	Oakland Raiders	RB	13.8449773043394	0	0	0	61.319580078125	0.405692160129547	21.8280696868896	0.0889917686581612	2.56210875511169	https://cosmos08.osdinfra.net/cosmos/AWE.Prod/shares/relevance/ADX/Predictions/NFL/Murray_Latavius.jpg
2	DeAndre Washington	Oakland Raiders	RB	8.63010326027871	0	0	0	27.9912261962891	0.170285001397133	20.1468391418457	0.0979534089565277	2.20686626434326	https://cosmos08.osdinfra.net/cosmos/AWE.Prod/shares/relevance/ADX/Predictions/NFL/Washington_DeAndre.jpg
2	Clive Walford	Oakland Raiders	TE	7.92408920526504	0	0	0	0	0	36.6417045593262	0.235193699598312	2.84875655174255	https://cosmos08.osdinfra.net/cosmos/AWE.Prod/shares/relevance/ADX/Predictions/NFL/Walford_Clive.jpg
2	Mychal Rivera	Oakland Raiders	TE	7.50409573316575	0	0	0	0	0	33.236255645752	0.230558782815933	2.79711747169495	https://cosmos08.osdinfra.net/cosmos/AWE.Prod/shares/relevance/ADX/Predictions/NFL/Rivera_Mychal.jpg
2	Michael Crabtree	Oakland Raiders	WR	13.1619310379028	0	0	0	0	0	60.2674865722656	0.372622489929199	4.89944744110107	https://cosmos08.osdinfra.net/cosmos/AWE.Prod/shares/relevance/ADX/Predictions/NFL/Crabtree_Michael.jpg
2	Amari Cooper	Oakland Raiders	WR	12.7160621285439	0	0	0	0	0	61.6669464111328	0.377404779195786	4.28493881225586	https://cosmos08.osdinfra.net/cosmos/AWE.Prod/shares/relevance/ADX/Predictions/NFL/Cooper_Amari.jpg
2	Carson Wentz	Philadelphia Eagles	QB	18.1132013535499	260.748809814453	1.50479698181152	0.776777744293213	15.766791343689	0.144026607275009	0	0	0	https://cosmos08.osdinfra.net/cosmos/AWE.Prod/shares/relevance/ADX/Predictions/NFL/Wentz_Carson.jpg
2	Ryan Mathews	Philadelphia Eagles	RB	10.6103469520807	0	0	0	41.5760231018066	0.290140867233276	20.4023017883301	0.0635681971907616	2.29026007652283	https://cosmos08.osdinfra.net/cosmos/AWE.Prod/shares/relevance/ADX/Predictions/NFL/Mathews_Ryan.jpg
2	Darren Sproles	Philadelphia Eagles	RB	10.1603114455938	0	0	0	28.4352588653564	0.1883195489645	24.1477489471436	0.108537249267101	3.12086987495422	https://cosmos08.osdinfra.net/cosmos/AWE.Prod/shares/relevance/ADX/Predictions/NFL/Sproles_Darren.jpg
2	Zach Ertz	Philadelphia Eagles	TE	14.7412392616272	0	0	0	0	0	68.2997817993164	0.407220125198364	5.46794033050537	https://cosmos08.osdinfra.net/cosmos/AWE.Prod/shares/relevance/ADX/Predictions/NFL/Ertz_Zach.jpg
2	Brent Celek	Philadelphia Eagles	TE	8.08942486047745	0	0	0	0	0	37.752124786377	0.22211942076683	2.98149585723877	https://cosmos08.osdinfra.net/cosmos/AWE.Prod/shares/relevance/ADX/Predictions/NFL/Celek_Brent.jpg
2	Jordan Matthews	Philadelphia Eagles	WR	14.7408861517906	0	0	0	0	0	67.8636932373047	0.483723312616348	5.05217695236206	https://cosmos08.osdinfra.net/cosmos/AWE.Prod/shares/relevance/ADX/Predictions/NFL/Matthews_Jordan.jpg
2	Nelson Agholor	Philadelphia Eagles	WR	8.89152610301971	0	0	0	0	0	41.5161895751953	0.273598372936249	3.09831690788269	https://cosmos08.osdinfra.net/cosmos/AWE.Prod/shares/relevance/ADX/Predictions/NFL/Agholor_Nelson.jpg
2	Ben Roethlisberger	Pittsburgh Steelers	QB	19.1178510183096	283.453308105469	1.72806835174561	0.817429780960083	9.91371822357178	0.115583874285221	0	0	0	https://cosmos08.osdinfra.net/cosmos/AWE.Prod/shares/relevance/ADX/Predictions/NFL/Roethlisberger_Ben.jpg
2	DeAngelo Williams	Pittsburgh Steelers	RB	16.5564131259918	0	0	0	66.043830871582	0.482247799634933	26.8473014831543	0.132514268159866	3.57872748374939	https://cosmos08.osdinfra.net/cosmos/AWE.Prod/shares/relevance/ADX/Predictions/NFL/Williams_DeAngelo.jpg
2	Jesse James	Pittsburgh Steelers	TE	6.25938562154769	0	0	0	0	0	26.3503704071045	0.201377540826797	2.41608333587646	https://cosmos08.osdinfra.net/cosmos/AWE.Prod/shares/relevance/ADX/Predictions/NFL/James_Jesse.jpg
2	Antonio Brown	Pittsburgh Steelers	WR	19.1362468719482	0	0	0	0	0	85.5113143920898	0.632544755935669	6.78984689712524	https://cosmos08.osdinfra.net/cosmos/AWE.Prod/shares/relevance/ADX/Predictions/NFL/Brown_Antonio.jpg
2	Markus Wheaton	Pittsburgh Steelers	WR	9.66828408241272	0	0	0	0	0	43.1999626159668	0.293779969215393	3.58560800552368	https://cosmos08.osdinfra.net/cosmos/AWE.Prod/shares/relevance/ADX/Predictions/NFL/Wheaton_Markus.jpg
2	Philip Rivers	San Diego Chargers	QB	17.8112330532074	261.231903076172	1.57776415348053	0.710454940795898	9.89999866485596	0.128559231758118	0	0	0	https://cosmos08.osdinfra.net/cosmos/AWE.Prod/shares/relevance/ADX/Predictions/NFL/Rivers_Phillip.jpg
2	Danny Woodhead	San Diego Chargers	RB	15.5746228456497	0	0	0	32.7543029785156	0.206464409828186	41.1029052734375	0.279315531253815	5.2742223739624	https://cosmos08.osdinfra.net/cosmos/AWE.Prod/shares/relevance/ADX/Predictions/NFL/Woodhead_Danny.jpg
2	Melvin Gordon	San Diego Chargers	RB	12.2229551911354	0	0	0	51.1904296875	0.359750479459763	19.5350437164307	0.0644537210464478	2.60518264770508	https://cosmos08.osdinfra.net/cosmos/AWE.Prod/shares/relevance/ADX/Predictions/NFL/Gordon_Melvin.jpg
2	Antonio Gates	San Diego Chargers	TE	11.3767246127129	0	0	0	0	0	50.3813858032227	0.298172265291214	4.54955244064331	https://cosmos08.osdinfra.net/cosmos/AWE.Prod/shares/relevance/ADX/Predictions/NFL/Gates_Antonio.jpg
2	Hunter Henry	San Diego Chargers	TE	6.18065511584282	0	0	0	0	0	27.396577835083	0.184513047337532	2.33391904830933	https://cosmos08.osdinfra.net/cosmos/AWE.Prod/shares/relevance/ADX/Predictions/NFL/Henry_Hunter.jpg
2	Dontrelle Inman	San Diego Chargers	WR	9.27462593317032	0	0	0	0	0	42.7021369934082	0.273242801427841	3.36495542526245	https://cosmos08.osdinfra.net/cosmos/AWE.Prod/shares/relevance/ADX/Predictions/NFL/Inman_Dontrelle.jpg
2	Travis Benjamin	San Diego Chargers	WR	9.16535192131996	0	0	0	0	0	39.5876159667969	0.23323355615139	3.80718898773193	https://cosmos08.osdinfra.net/cosmos/AWE.Prod/shares/relevance/ADX/Predictions/NFL/Benjamin_Travis.jpg
2	Blaine Gabbert	San Francisco 49ers	QB	13.9911931991577	226.820526123047	0.840655624866486	0.892594456672668	17.0165538787842	0.124448120594025	0	0	0	https://cosmos08.osdinfra.net/cosmos/AWE.Prod/shares/relevance/ADX/Predictions/NFL/Gabbert_Blaine.jpg
2	Shaun Draughn	San Francisco 49ers	RB	12.4765745490789	0	0	0	41.4383583068848	0.276131749153137	25.1782665252686	0.095423735678196	3.58557915687561	https://cosmos08.osdinfra.net/cosmos/AWE.Prod/shares/relevance/ADX/Predictions/NFL/Draughn_Shaun.jpg
2	Carlos Hyde	San Francisco 49ers	RB	11.8544151201844	0	0	0	53.8726234436035	0.321413218975067	18.8430061340332	0.0467989705502987	2.37357902526855	https://cosmos08.osdinfra.net/cosmos/AWE.Prod/shares/relevance/ADX/Predictions/NFL/Hyde_Carlos.jpg
2	Vance McDonald	San Francisco 49ers	TE	7.79992548823356	0	0	0	0	0	34.7875709533691	0.210727289319038	3.05680465698242	https://cosmos08.osdinfra.net/cosmos/AWE.Prod/shares/relevance/ADX/Predictions/NFL/McDonald_Vance.jpg
2	Garrett Celek	San Francisco 49ers	TE	7.30230069160461	0	0	0	0	0	31.8335437774658	0.218238234519959	2.80951690673828	https://cosmos08.osdinfra.net/cosmos/AWE.Prod/shares/relevance/ADX/Predictions/NFL/Celek_Garrett.jpg
2	Quinton Patton	San Francisco 49ers	WR	8.87934759855271	0	0	0	0	0	40.3548965454102	0.226723819971085	3.48351502418518	https://cosmos08.osdinfra.net/cosmos/AWE.Prod/shares/relevance/ADX/Predictions/NFL/Patton_Quinton.jpg
2	Torrey Smith	San Francisco 49ers	WR	7.9806389093399	0	0	0	0	0	35.9875373840332	0.220248401165009	3.06039476394653	https://cosmos08.osdinfra.net/cosmos/AWE.Prod/shares/relevance/ADX/Predictions/NFL/Smith_Torrey.jpg
2	Russell Wilson	Seattle Seahawks	QB	19.5030462396145	260.253723144531	1.69452261924744	0.719654202461243	21.5073566436768	0.14728756248951	0	0	0	https://cosmos08.osdinfra.net/cosmos/AWE.Prod/shares/relevance/ADX/Predictions/NFL/Wilson_Russell.jpg
2	Thomas Rawls	Seattle Seahawks	RB	12.6459187164903	0	0	0	61.3217811584473	0.37630107998848	18.3517303466797	0.0446786843240261	2.15268898010254	https://cosmos08.osdinfra.net/cosmos/AWE.Prod/shares/relevance/ADX/Predictions/NFL/Rawls_Thomas.jpg
2	Christine Michael	Seattle Seahawks	RB	11.7303264304995	0	0	0	55.7555923461914	0.320228815078735	17.8206043243408	0.0417816825211048	2.20064377784729	https://cosmos08.osdinfra.net/cosmos/AWE.Prod/shares/relevance/ADX/Predictions/NFL/Michael_Christine.jpg
2	Jimmy Graham	Seattle Seahawks	TE	10.9660800695419	0	0	0	0	0	52.199821472168	0.295102655887604	3.97548198699951	https://cosmos08.osdinfra.net/cosmos/AWE.Prod/shares/relevance/ADX/Predictions/NFL/Graham_Jimmy.jpg
2	Luke Willson	Seattle Seahawks	TE	7.25595089197159	0	0	0	0	0	33.7605514526367	0.190173476934433	2.73885488510132	https://cosmos08.osdinfra.net/cosmos/AWE.Prod/shares/relevance/ADX/Predictions/NFL/Willson_Luke.jpg
2	Doug Baldwin	Seattle Seahawks	WR	16.3448861837387	0	0	0	0	0	71.6756439208984	0.591477453708649	5.62845706939697	https://cosmos08.osdinfra.net/cosmos/AWE.Prod/shares/relevance/ADX/Predictions/NFL/Baldwin_Doug.jpg
2	Jermaine Kearse	Seattle Seahawks	WR	12.7966204285622	0	0	0	0	0	57.7323722839355	0.343329280614853	4.96340751647949	https://cosmos08.osdinfra.net/cosmos/AWE.Prod/shares/relevance/ADX/Predictions/NFL/Kearse_Jermaine.jpg
2	Jameis Winston	Tampa Bay Buccaneers	QB	17.5912551784515	256.743103027344	1.468998670578	0.841404616832733	14.6252059936523	0.137403398752213	0	0	0	https://cosmos08.osdinfra.net/cosmos/AWE.Prod/shares/relevance/ADX/Predictions/NFL/Winston_Jameis.jpg
2	Doug Martin	Tampa Bay Buccaneers	RB	14.2600020617247	0	0	0	60.648307800293	0.396624505519867	22.9350852966309	0.0836970880627632	3.0197331905365	https://cosmos08.osdinfra.net/cosmos/AWE.Prod/shares/relevance/ADX/Predictions/NFL/Martin_Doug.jpg
2	Charles Sims	Tampa Bay Buccaneers	RB	13.1131903648376	0	0	0	29.2636947631836	0.190861776471138	39.7742881774902	0.168894216418266	4.05085611343384	https://cosmos08.osdinfra.net/cosmos/AWE.Prod/shares/relevance/ADX/Predictions/NFL/Sims_Charles.jpg
2	Austin Seferian-Jenkins	Tampa Bay Buccaneers	TE	9.0744066119194	0	0	0	0	0	41.724250793457	0.308622509241104	3.05024647712708	https://cosmos08.osdinfra.net/cosmos/AWE.Prod/shares/relevance/ADX/Predictions/NFL/Seferian-Jenkins_Austin.jpg
2	Cameron Brate	Tampa Bay Buccaneers	TE	7.51827819943428	0	0	0	0	0	34.1985397338867	0.211584374308586	2.82891798019409	https://cosmos08.osdinfra.net/cosmos/AWE.Prod/shares/relevance/ADX/Predictions/NFL/Brate_Cameron.jpg
2	Mike Evans	Tampa Bay Buccaneers	WR	14.241241812706	0	0	0	0	0	69.6081924438477	0.426470339298248	4.72160053253174	https://cosmos08.osdinfra.net/cosmos/AWE.Prod/shares/relevance/ADX/Predictions/NFL/Evans_Mike.jpg
2	Vincent Jackson	Tampa Bay Buccaneers	WR	9.45730435848237	0	0	0	0	0	46.0494995117188	0.264082849025726	3.26785731315613	https://cosmos08.osdinfra.net/cosmos/AWE.Prod/shares/relevance/ADX/Predictions/NFL/Jackson_Vincent.jpg
2	Marcus Mariota	Tennessee Titans	QB	17.0405926692486	247.258178710938	1.31436049938202	0.895194053649902	19.1951999664307	0.144749596714973	0	0	0	https://cosmos08.osdinfra.net/cosmos/AWE.Prod/shares/relevance/ADX/Predictions/NFL/Mariota_Marcus.jpg
2	DeMarco Murray	Tennessee Titans	RB	13.3891526848078	0	0	0	44.5076293945313	0.242355197668076	32.5748176574707	0.103389494121075	3.60643982887268	https://cosmos08.osdinfra.net/cosmos/AWE.Prod/shares/relevance/ADX/Predictions/NFL/Murray_DeMarco.jpg
2	Derrick Henry	Tennessee Titans	RB	10.2239921957254	0	0	0	31.4111328125	0.169248983263969	26.7741508483887	0.100746370851994	2.7854917049408	https://cosmos08.osdinfra.net/cosmos/AWE.Prod/shares/relevance/ADX/Predictions/NFL/Henry_Derrick.jpg
2	Delanie Walker	Tennessee Titans	TE	14.5570744633675	0	0	0	0	0	72.3398742675781	0.383651226758957	5.02117967605591	https://cosmos08.osdinfra.net/cosmos/AWE.Prod/shares/relevance/ADX/Predictions/NFL/Walker_Delanie.jpg
2	Anthony Fasano	Tennessee Titans	TE	7.29574195742608	0	0	0	0	0	34.3542976379395	0.171514227986336	2.83122682571411	https://cosmos08.osdinfra.net/cosmos/AWE.Prod/shares/relevance/ADX/Predictions/NFL/Fasano_Anthony.jpg
2	Tajae Sharpe	Tennessee Titans	WR	10.8206083595753	0	0	0	0	0	53.4699554443359	0.219758436083794	4.15506219863892	https://cosmos08.osdinfra.net/cosmos/AWE.Prod/shares/relevance/ADX/Predictions/NFL/Sharpe_Tajae.jpg
2	Rishard Matthews	Tennessee Titans	WR	7.98318787813187	0	0	0	0	0	38.4847106933594	0.180471152067184	3.05188989639282	https://cosmos08.osdinfra.net/cosmos/AWE.Prod/shares/relevance/ADX/Predictions/NFL/Matthews_Rishard.jpg
2	Kirk Cousins	Washington Redskins	QB	20.4351788389682	287.381927490234	1.84775054454803	0.788167893886566	10.9325551986694	0.207301989197731	0	0	0	https://cosmos08.osdinfra.net/cosmos/AWE.Prod/shares/relevance/ADX/Predictions/NFL/Cousins_Kirk.jpg
2	Matt Jones	Washington Redskins	RB	10.8686087489128	0	0	0	44.210823059082	0.288928806781769	19.0618019104004	0.109902113676071	2.14836072921753	https://cosmos08.osdinfra.net/cosmos/AWE.Prod/shares/relevance/ADX/Predictions/NFL/Jones_Matt.jpg
2	Jordan Reed	Washington Redskins	TE	16.3262325286865	0	0	0	0	0	74.9901351928711	0.53012228012085	5.64648532867432	https://cosmos08.osdinfra.net/cosmos/AWE.Prod/shares/relevance/ADX/Predictions/NFL/Reed_Jordan.png
2	DeSean Jackson	Washington Redskins	WR	14.2264180779457	0	0	0	0	0	70.5195236206055	0.457764476537704	4.42787885665894	https://cosmos08.osdinfra.net/cosmos/AWE.Prod/shares/relevance/ADX/Predictions/NFL/Jackson_DeSean.jpg
2	Pierre Garcon	Washington Redskins	WR	13.1153541684151	0	0	0	0	0	56.6837196350098	0.4428491294384	4.78988742828369	https://cosmos08.osdinfra.net/cosmos/AWE.Prod/shares/relevance/ADX/Predictions/NFL/Garcon_Pierre.jpg
